beeld1;pdf
Colorcode 12_BlackCaramel.pdf: 12 etiketten;leeg.pdf
;201914320_Deel1.pdf
;201914320_Deel1.pdf
;201914320_Deel1.pdf
;201914320_Deel1.pdf
;201914320_Deel1.pdf
;201914320_Deel1.pdf
;201914320_Deel1.pdf
;201914320_Deel1.pdf
;201914320_Deel1.pdf
;201914320_Deel1.pdf
;201914320_Deel1.pdf
;201914320_Deel1.pdf
;201914320_Deel1.pdf
Colorcode 12_BlackCaramel.pdf: 12 etiketten;leeg.pdf
;stans.pdf
Colorcode 12_Blik_blauw4.pdf: 12 etiketten;leeg.pdf
;201914320_Deel2.pdf
;201914320_Deel2.pdf
;201914320_Deel2.pdf
;201914320_Deel2.pdf
;201914320_Deel2.pdf
;201914320_Deel2.pdf
;201914320_Deel2.pdf
;201914320_Deel2.pdf
;201914320_Deel2.pdf
;201914320_Deel2.pdf
;201914320_Deel2.pdf
;201914320_Deel2.pdf
;201914320_Deel2.pdf
Colorcode 12_Blik_blauw4.pdf: 12 etiketten;leeg.pdf
;stans.pdf
Colorcode 12_Blik_bordeau2.pdf: 12 etiketten;leeg.pdf
;201914320_Deel3.pdf
;201914320_Deel3.pdf
;201914320_Deel3.pdf
;201914320_Deel3.pdf
;201914320_Deel3.pdf
;201914320_Deel3.pdf
;201914320_Deel3.pdf
;201914320_Deel3.pdf
;201914320_Deel3.pdf
;201914320_Deel3.pdf
;201914320_Deel3.pdf
;201914320_Deel3.pdf
;201914320_Deel3.pdf
Colorcode 12_Blik_bordeau2.pdf: 12 etiketten;leeg.pdf
;stans.pdf
Colorcode 12_Blik_geel2.pdf: 12 etiketten;leeg.pdf
;201914320_Deel4.pdf
;201914320_Deel4.pdf
;201914320_Deel4.pdf
;201914320_Deel4.pdf
;201914320_Deel4.pdf
;201914320_Deel4.pdf
;201914320_Deel4.pdf
;201914320_Deel4.pdf
;201914320_Deel4.pdf
;201914320_Deel4.pdf
;201914320_Deel4.pdf
;201914320_Deel4.pdf
;201914320_Deel4.pdf
Colorcode 12_Blik_geel2.pdf: 12 etiketten;leeg.pdf
;stans.pdf
Colorcode 12_Blik_groen1.pdf: 12 etiketten;leeg.pdf
;201914320_Deel5.pdf
;201914320_Deel5.pdf
;201914320_Deel5.pdf
;201914320_Deel5.pdf
;201914320_Deel5.pdf
;201914320_Deel5.pdf
;201914320_Deel5.pdf
;201914320_Deel5.pdf
;201914320_Deel5.pdf
;201914320_Deel5.pdf
;201914320_Deel5.pdf
;201914320_Deel5.pdf
;201914320_Deel5.pdf
Colorcode 12_Blik_groen1.pdf: 12 etiketten;leeg.pdf
;stans.pdf
Colorcode 12_Blik_groenblauw.pdf: 12 etiketten;leeg.pdf
;201914320_Deel6.pdf
;201914320_Deel6.pdf
;201914320_Deel6.pdf
;201914320_Deel6.pdf
;201914320_Deel6.pdf
;201914320_Deel6.pdf
;201914320_Deel6.pdf
;201914320_Deel6.pdf
;201914320_Deel6.pdf
;201914320_Deel6.pdf
;201914320_Deel6.pdf
;201914320_Deel6.pdf
;201914320_Deel6.pdf
Colorcode 12_Blik_groenblauw.pdf: 12 etiketten;leeg.pdf
;stans.pdf
Colorcode 12_Blik_oranje.pdf: 12 etiketten;leeg.pdf
;201914320_Deel7.pdf
;201914320_Deel7.pdf
;201914320_Deel7.pdf
;201914320_Deel7.pdf
;201914320_Deel7.pdf
;201914320_Deel7.pdf
;201914320_Deel7.pdf
;201914320_Deel7.pdf
;201914320_Deel7.pdf
;201914320_Deel7.pdf
;201914320_Deel7.pdf
;201914320_Deel7.pdf
;201914320_Deel7.pdf
Colorcode 12_Blik_oranje.pdf: 12 etiketten;leeg.pdf
;stans.pdf
Colorcode 12_Blik_paars3.pdf: 12 etiketten;leeg.pdf
;201914320_Deel8.pdf
;201914320_Deel8.pdf
;201914320_Deel8.pdf
;201914320_Deel8.pdf
;201914320_Deel8.pdf
;201914320_Deel8.pdf
;201914320_Deel8.pdf
;201914320_Deel8.pdf
;201914320_Deel8.pdf
;201914320_Deel8.pdf
;201914320_Deel8.pdf
;201914320_Deel8.pdf
;201914320_Deel8.pdf
Colorcode 12_Blik_paars3.pdf: 12 etiketten;leeg.pdf
;stans.pdf
Colorcode 12_Blik_rood.pdf: 12 etiketten;leeg.pdf
;201914320_Deel9.pdf
;201914320_Deel9.pdf
;201914320_Deel9.pdf
;201914320_Deel9.pdf
;201914320_Deel9.pdf
;201914320_Deel9.pdf
;201914320_Deel9.pdf
;201914320_Deel9.pdf
;201914320_Deel9.pdf
;201914320_Deel9.pdf
;201914320_Deel9.pdf
;201914320_Deel9.pdf
;201914320_Deel9.pdf
Colorcode 12_Blik_rood.pdf: 12 etiketten;leeg.pdf
;stans.pdf
Colorcode 12_Blik_roze2.pdf: 12 etiketten;leeg.pdf
;201914320_Deel10.pdf
;201914320_Deel10.pdf
;201914320_Deel10.pdf
;201914320_Deel10.pdf
;201914320_Deel10.pdf
;201914320_Deel10.pdf
;201914320_Deel10.pdf
;201914320_Deel10.pdf
;201914320_Deel10.pdf
;201914320_Deel10.pdf
;201914320_Deel10.pdf
;201914320_Deel10.pdf
;201914320_Deel10.pdf
Colorcode 12_Blik_roze2.pdf: 12 etiketten;leeg.pdf
;stans.pdf
Colorcode 12_CeylonOrangePekoe.pdf: 12 etiketten;leeg.pdf
;201914320_Deel11.pdf
;201914320_Deel11.pdf
;201914320_Deel11.pdf
;201914320_Deel11.pdf
;201914320_Deel11.pdf
;201914320_Deel11.pdf
;201914320_Deel11.pdf
;201914320_Deel11.pdf
;201914320_Deel11.pdf
;201914320_Deel11.pdf
;201914320_Deel11.pdf
;201914320_Deel11.pdf
;201914320_Deel11.pdf
Colorcode 12_CeylonOrangePekoe.pdf: 12 etiketten;leeg.pdf
;stans.pdf
Colorcode 12_Christmastea_sterren.pdf: 12 etiketten;leeg.pdf
;201914320_Deel12.pdf
;201914320_Deel12.pdf
;201914320_Deel12.pdf
;201914320_Deel12.pdf
;201914320_Deel12.pdf
;201914320_Deel12.pdf
;201914320_Deel12.pdf
;201914320_Deel12.pdf
;201914320_Deel12.pdf
;201914320_Deel12.pdf
;201914320_Deel12.pdf
;201914320_Deel12.pdf
;201914320_Deel12.pdf
Colorcode 12_Christmastea_sterren.pdf: 12 etiketten;leeg.pdf
;stans.pdf
Colorcode 12_ChristmasTea.pdf: 12 etiketten;leeg.pdf
;201914320_Deel13.pdf
;201914320_Deel13.pdf
;201914320_Deel13.pdf
;201914320_Deel13.pdf
;201914320_Deel13.pdf
;201914320_Deel13.pdf
;201914320_Deel13.pdf
;201914320_Deel13.pdf
;201914320_Deel13.pdf
;201914320_Deel13.pdf
;201914320_Deel13.pdf
;201914320_Deel13.pdf
;201914320_Deel13.pdf
Colorcode 12_ChristmasTea.pdf: 12 etiketten;leeg.pdf
;stans.pdf
Colorcode 12_FrenchBreakfast.pdf: 12 etiketten;leeg.pdf
;201914320_Deel14.pdf
;201914320_Deel14.pdf
;201914320_Deel14.pdf
;201914320_Deel14.pdf
;201914320_Deel14.pdf
;201914320_Deel14.pdf
;201914320_Deel14.pdf
;201914320_Deel14.pdf
;201914320_Deel14.pdf
;201914320_Deel14.pdf
;201914320_Deel14.pdf
;201914320_Deel14.pdf
;201914320_Deel14.pdf
Colorcode 12_FrenchBreakfast.pdf: 12 etiketten;leeg.pdf
;stans.pdf
Colorcode 12_GinsengOolong.pdf: 12 etiketten;leeg.pdf
;201914320_Deel15.pdf
;201914320_Deel15.pdf
;201914320_Deel15.pdf
;201914320_Deel15.pdf
;201914320_Deel15.pdf
;201914320_Deel15.pdf
;201914320_Deel15.pdf
;201914320_Deel15.pdf
;201914320_Deel15.pdf
;201914320_Deel15.pdf
;201914320_Deel15.pdf
;201914320_Deel15.pdf
;201914320_Deel15.pdf
Colorcode 12_GinsengOolong.pdf: 12 etiketten;leeg.pdf
;stans.pdf
Colorcode 12_GreenChristmas.pdf: 12 etiketten;leeg.pdf
;201914320_Deel16.pdf
;201914320_Deel16.pdf
;201914320_Deel16.pdf
;201914320_Deel16.pdf
;201914320_Deel16.pdf
;201914320_Deel16.pdf
;201914320_Deel16.pdf
;201914320_Deel16.pdf
;201914320_Deel16.pdf
;201914320_Deel16.pdf
;201914320_Deel16.pdf
;201914320_Deel16.pdf
;201914320_Deel16.pdf
Colorcode 12_GreenChristmas.pdf: 12 etiketten;leeg.pdf
;stans.pdf
Colorcode 12_GreenJasmine.pdf: 12 etiketten;leeg.pdf
;201914320_Deel17.pdf
;201914320_Deel17.pdf
;201914320_Deel17.pdf
;201914320_Deel17.pdf
;201914320_Deel17.pdf
;201914320_Deel17.pdf
;201914320_Deel17.pdf
;201914320_Deel17.pdf
;201914320_Deel17.pdf
;201914320_Deel17.pdf
;201914320_Deel17.pdf
;201914320_Deel17.pdf
;201914320_Deel17.pdf
Colorcode 12_GreenJasmine.pdf: 12 etiketten;leeg.pdf
;stans.pdf
Colorcode 12_JadeSnail.pdf: 12 etiketten;leeg.pdf
;201914320_Deel18.pdf
;201914320_Deel18.pdf
;201914320_Deel18.pdf
;201914320_Deel18.pdf
;201914320_Deel18.pdf
;201914320_Deel18.pdf
;201914320_Deel18.pdf
;201914320_Deel18.pdf
;201914320_Deel18.pdf
;201914320_Deel18.pdf
;201914320_Deel18.pdf
;201914320_Deel18.pdf
;201914320_Deel18.pdf
Colorcode 12_JadeSnail.pdf: 12 etiketten;leeg.pdf
;stans.pdf
Colorcode 12_Lemongrass.pdf: 12 etiketten;leeg.pdf
;201914320_Deel19.pdf
;201914320_Deel19.pdf
;201914320_Deel19.pdf
;201914320_Deel19.pdf
;201914320_Deel19.pdf
;201914320_Deel19.pdf
;201914320_Deel19.pdf
;201914320_Deel19.pdf
;201914320_Deel19.pdf
;201914320_Deel19.pdf
;201914320_Deel19.pdf
;201914320_Deel19.pdf
;201914320_Deel19.pdf
Colorcode 12_Lemongrass.pdf: 12 etiketten;leeg.pdf
;stans.pdf
Colorcode 12_MaltySweetAssam.pdf: 12 etiketten;leeg.pdf
;201914320_Deel20.pdf
;201914320_Deel20.pdf
;201914320_Deel20.pdf
;201914320_Deel20.pdf
;201914320_Deel20.pdf
;201914320_Deel20.pdf
;201914320_Deel20.pdf
;201914320_Deel20.pdf
;201914320_Deel20.pdf
;201914320_Deel20.pdf
;201914320_Deel20.pdf
;201914320_Deel20.pdf
;201914320_Deel20.pdf
Colorcode 12_MaltySweetAssam.pdf: 12 etiketten;leeg.pdf
;stans.pdf
Colorcode 12_NakedGinger.pdf: 12 etiketten;leeg.pdf
;201914320_Deel21.pdf
;201914320_Deel21.pdf
;201914320_Deel21.pdf
;201914320_Deel21.pdf
;201914320_Deel21.pdf
;201914320_Deel21.pdf
;201914320_Deel21.pdf
;201914320_Deel21.pdf
;201914320_Deel21.pdf
;201914320_Deel21.pdf
;201914320_Deel21.pdf
;201914320_Deel21.pdf
;201914320_Deel21.pdf
Colorcode 12_NakedGinger.pdf: 12 etiketten;leeg.pdf
;stans.pdf
Colorcode 12_RedChristmas_rooibos.pdf: 12 etiketten;leeg.pdf
;201914320_Deel22.pdf
;201914320_Deel22.pdf
;201914320_Deel22.pdf
;201914320_Deel22.pdf
;201914320_Deel22.pdf
;201914320_Deel22.pdf
;201914320_Deel22.pdf
;201914320_Deel22.pdf
;201914320_Deel22.pdf
;201914320_Deel22.pdf
;201914320_Deel22.pdf
;201914320_Deel22.pdf
;201914320_Deel22.pdf
Colorcode 12_RedChristmas_rooibos.pdf: 12 etiketten;leeg.pdf
;stans.pdf
Colorcode 12_WhiteChristmas.pdf: 12 etiketten;leeg.pdf
;201914320_Deel23.pdf
;201914320_Deel23.pdf
;201914320_Deel23.pdf
;201914320_Deel23.pdf
;201914320_Deel23.pdf
;201914320_Deel23.pdf
;201914320_Deel23.pdf
;201914320_Deel23.pdf
;201914320_Deel23.pdf
;201914320_Deel23.pdf
;201914320_Deel23.pdf
;201914320_Deel23.pdf
;201914320_Deel23.pdf
Colorcode 12_WhiteChristmas.pdf: 12 etiketten;leeg.pdf
;stans.pdf
Colorcode 24_AloeVera.pdf: 24 etiketten;leeg.pdf
;201914320_Deel24.pdf
;201914320_Deel24.pdf
;201914320_Deel24.pdf
;201914320_Deel24.pdf
;201914320_Deel24.pdf
;201914320_Deel24.pdf
;201914320_Deel24.pdf
;201914320_Deel24.pdf
;201914320_Deel24.pdf
;201914320_Deel24.pdf
;201914320_Deel24.pdf
;201914320_Deel24.pdf
;201914320_Deel24.pdf
;201914320_Deel24.pdf
;201914320_Deel24.pdf
;201914320_Deel24.pdf
;201914320_Deel24.pdf
;201914320_Deel24.pdf
;201914320_Deel24.pdf
;201914320_Deel24.pdf
;201914320_Deel24.pdf
;201914320_Deel24.pdf
;201914320_Deel24.pdf
;201914320_Deel24.pdf
;201914320_Deel24.pdf
;201914320_Deel24.pdf
Colorcode 24_AloeVera.pdf: 24 etiketten;leeg.pdf
;stans.pdf
Colorcode 24_BlueButterflyPeaFlower.pdf: 24 etiketten;leeg.pdf
;201914320_Deel25.pdf
;201914320_Deel25.pdf
;201914320_Deel25.pdf
;201914320_Deel25.pdf
;201914320_Deel25.pdf
;201914320_Deel25.pdf
;201914320_Deel25.pdf
;201914320_Deel25.pdf
;201914320_Deel25.pdf
;201914320_Deel25.pdf
;201914320_Deel25.pdf
;201914320_Deel25.pdf
;201914320_Deel25.pdf
;201914320_Deel25.pdf
;201914320_Deel25.pdf
;201914320_Deel25.pdf
;201914320_Deel25.pdf
;201914320_Deel25.pdf
;201914320_Deel25.pdf
;201914320_Deel25.pdf
;201914320_Deel25.pdf
;201914320_Deel25.pdf
;201914320_Deel25.pdf
;201914320_Deel25.pdf
;201914320_Deel25.pdf
;201914320_Deel25.pdf
Colorcode 24_BlueButterflyPeaFlower.pdf: 24 etiketten;leeg.pdf
;stans.pdf
Colorcode 24_ChamomilleGinger.pdf: 24 etiketten;leeg.pdf
;201914320_Deel26.pdf
;201914320_Deel26.pdf
;201914320_Deel26.pdf
;201914320_Deel26.pdf
;201914320_Deel26.pdf
;201914320_Deel26.pdf
;201914320_Deel26.pdf
;201914320_Deel26.pdf
;201914320_Deel26.pdf
;201914320_Deel26.pdf
;201914320_Deel26.pdf
;201914320_Deel26.pdf
;201914320_Deel26.pdf
;201914320_Deel26.pdf
;201914320_Deel26.pdf
;201914320_Deel26.pdf
;201914320_Deel26.pdf
;201914320_Deel26.pdf
;201914320_Deel26.pdf
;201914320_Deel26.pdf
;201914320_Deel26.pdf
;201914320_Deel26.pdf
;201914320_Deel26.pdf
;201914320_Deel26.pdf
;201914320_Deel26.pdf
;201914320_Deel26.pdf
Colorcode 24_ChamomilleGinger.pdf: 24 etiketten;leeg.pdf
;stans.pdf
Colorcode 24_CherryMe.pdf: 24 etiketten;leeg.pdf
;201914320_Deel27.pdf
;201914320_Deel27.pdf
;201914320_Deel27.pdf
;201914320_Deel27.pdf
;201914320_Deel27.pdf
;201914320_Deel27.pdf
;201914320_Deel27.pdf
;201914320_Deel27.pdf
;201914320_Deel27.pdf
;201914320_Deel27.pdf
;201914320_Deel27.pdf
;201914320_Deel27.pdf
;201914320_Deel27.pdf
;201914320_Deel27.pdf
;201914320_Deel27.pdf
;201914320_Deel27.pdf
;201914320_Deel27.pdf
;201914320_Deel27.pdf
;201914320_Deel27.pdf
;201914320_Deel27.pdf
;201914320_Deel27.pdf
;201914320_Deel27.pdf
;201914320_Deel27.pdf
;201914320_Deel27.pdf
;201914320_Deel27.pdf
;201914320_Deel27.pdf
Colorcode 24_CherryMe.pdf: 24 etiketten;leeg.pdf
;stans.pdf
Colorcode 24_CinnamonRose.pdf: 24 etiketten;leeg.pdf
;201914320_Deel28.pdf
;201914320_Deel28.pdf
;201914320_Deel28.pdf
;201914320_Deel28.pdf
;201914320_Deel28.pdf
;201914320_Deel28.pdf
;201914320_Deel28.pdf
;201914320_Deel28.pdf
;201914320_Deel28.pdf
;201914320_Deel28.pdf
;201914320_Deel28.pdf
;201914320_Deel28.pdf
;201914320_Deel28.pdf
;201914320_Deel28.pdf
;201914320_Deel28.pdf
;201914320_Deel28.pdf
;201914320_Deel28.pdf
;201914320_Deel28.pdf
;201914320_Deel28.pdf
;201914320_Deel28.pdf
;201914320_Deel28.pdf
;201914320_Deel28.pdf
;201914320_Deel28.pdf
;201914320_Deel28.pdf
;201914320_Deel28.pdf
;201914320_Deel28.pdf
Colorcode 24_CinnamonRose.pdf: 24 etiketten;leeg.pdf
;stans.pdf
Colorcode 24_CurcumaNectar.pdf: 24 etiketten;leeg.pdf
;201914320_Deel29.pdf
;201914320_Deel29.pdf
;201914320_Deel29.pdf
;201914320_Deel29.pdf
;201914320_Deel29.pdf
;201914320_Deel29.pdf
;201914320_Deel29.pdf
;201914320_Deel29.pdf
;201914320_Deel29.pdf
;201914320_Deel29.pdf
;201914320_Deel29.pdf
;201914320_Deel29.pdf
;201914320_Deel29.pdf
;201914320_Deel29.pdf
;201914320_Deel29.pdf
;201914320_Deel29.pdf
;201914320_Deel29.pdf
;201914320_Deel29.pdf
;201914320_Deel29.pdf
;201914320_Deel29.pdf
;201914320_Deel29.pdf
;201914320_Deel29.pdf
;201914320_Deel29.pdf
;201914320_Deel29.pdf
;201914320_Deel29.pdf
;201914320_Deel29.pdf
Colorcode 24_CurcumaNectar.pdf: 24 etiketten;leeg.pdf
;stans.pdf
Colorcode 24_DarjeelingSungma.pdf: 24 etiketten;leeg.pdf
;201914320_Deel30.pdf
;201914320_Deel30.pdf
;201914320_Deel30.pdf
;201914320_Deel30.pdf
;201914320_Deel30.pdf
;201914320_Deel30.pdf
;201914320_Deel30.pdf
;201914320_Deel30.pdf
;201914320_Deel30.pdf
;201914320_Deel30.pdf
;201914320_Deel30.pdf
;201914320_Deel30.pdf
;201914320_Deel30.pdf
;201914320_Deel30.pdf
;201914320_Deel30.pdf
;201914320_Deel30.pdf
;201914320_Deel30.pdf
;201914320_Deel30.pdf
;201914320_Deel30.pdf
;201914320_Deel30.pdf
;201914320_Deel30.pdf
;201914320_Deel30.pdf
;201914320_Deel30.pdf
;201914320_Deel30.pdf
;201914320_Deel30.pdf
;201914320_Deel30.pdf
Colorcode 24_DarjeelingSungma.pdf: 24 etiketten;leeg.pdf
;stans.pdf
Colorcode 24_EnglishBreakfast.pdf: 24 etiketten;leeg.pdf
;201914320_Deel31.pdf
;201914320_Deel31.pdf
;201914320_Deel31.pdf
;201914320_Deel31.pdf
;201914320_Deel31.pdf
;201914320_Deel31.pdf
;201914320_Deel31.pdf
;201914320_Deel31.pdf
;201914320_Deel31.pdf
;201914320_Deel31.pdf
;201914320_Deel31.pdf
;201914320_Deel31.pdf
;201914320_Deel31.pdf
;201914320_Deel31.pdf
;201914320_Deel31.pdf
;201914320_Deel31.pdf
;201914320_Deel31.pdf
;201914320_Deel31.pdf
;201914320_Deel31.pdf
;201914320_Deel31.pdf
;201914320_Deel31.pdf
;201914320_Deel31.pdf
;201914320_Deel31.pdf
;201914320_Deel31.pdf
;201914320_Deel31.pdf
;201914320_Deel31.pdf
Colorcode 24_EnglishBreakfast.pdf: 24 etiketten;leeg.pdf
;stans.pdf
Colorcode 24_FrenchLavenderFlowers.pdf: 24 etiketten;leeg.pdf
;201914320_Deel32.pdf
;201914320_Deel32.pdf
;201914320_Deel32.pdf
;201914320_Deel32.pdf
;201914320_Deel32.pdf
;201914320_Deel32.pdf
;201914320_Deel32.pdf
;201914320_Deel32.pdf
;201914320_Deel32.pdf
;201914320_Deel32.pdf
;201914320_Deel32.pdf
;201914320_Deel32.pdf
;201914320_Deel32.pdf
;201914320_Deel32.pdf
;201914320_Deel32.pdf
;201914320_Deel32.pdf
;201914320_Deel32.pdf
;201914320_Deel32.pdf
;201914320_Deel32.pdf
;201914320_Deel32.pdf
;201914320_Deel32.pdf
;201914320_Deel32.pdf
;201914320_Deel32.pdf
;201914320_Deel32.pdf
;201914320_Deel32.pdf
;201914320_Deel32.pdf
Colorcode 24_FrenchLavenderFlowers.pdf: 24 etiketten;leeg.pdf
;stans.pdf
Colorcode 24_FruitDelight.pdf: 24 etiketten;leeg.pdf
;201914320_Deel33.pdf
;201914320_Deel33.pdf
;201914320_Deel33.pdf
;201914320_Deel33.pdf
;201914320_Deel33.pdf
;201914320_Deel33.pdf
;201914320_Deel33.pdf
;201914320_Deel33.pdf
;201914320_Deel33.pdf
;201914320_Deel33.pdf
;201914320_Deel33.pdf
;201914320_Deel33.pdf
;201914320_Deel33.pdf
;201914320_Deel33.pdf
;201914320_Deel33.pdf
;201914320_Deel33.pdf
;201914320_Deel33.pdf
;201914320_Deel33.pdf
;201914320_Deel33.pdf
;201914320_Deel33.pdf
;201914320_Deel33.pdf
;201914320_Deel33.pdf
;201914320_Deel33.pdf
;201914320_Deel33.pdf
;201914320_Deel33.pdf
;201914320_Deel33.pdf
Colorcode 24_FruitDelight.pdf: 24 etiketten;leeg.pdf
;stans.pdf
Colorcode 24_GluhweinTea.pdf: 24 etiketten;leeg.pdf
;201914320_Deel34.pdf
;201914320_Deel34.pdf
;201914320_Deel34.pdf
;201914320_Deel34.pdf
;201914320_Deel34.pdf
;201914320_Deel34.pdf
;201914320_Deel34.pdf
;201914320_Deel34.pdf
;201914320_Deel34.pdf
;201914320_Deel34.pdf
;201914320_Deel34.pdf
;201914320_Deel34.pdf
;201914320_Deel34.pdf
;201914320_Deel34.pdf
;201914320_Deel34.pdf
;201914320_Deel34.pdf
;201914320_Deel34.pdf
;201914320_Deel34.pdf
;201914320_Deel34.pdf
;201914320_Deel34.pdf
;201914320_Deel34.pdf
;201914320_Deel34.pdf
;201914320_Deel34.pdf
;201914320_Deel34.pdf
;201914320_Deel34.pdf
;201914320_Deel34.pdf
Colorcode 24_GluhweinTea.pdf: 24 etiketten;leeg.pdf
;stans.pdf
Colorcode 24_GreenLongjingDragonwell.pdf: 24 etiketten;leeg.pdf
;201914320_Deel35.pdf
;201914320_Deel35.pdf
;201914320_Deel35.pdf
;201914320_Deel35.pdf
;201914320_Deel35.pdf
;201914320_Deel35.pdf
;201914320_Deel35.pdf
;201914320_Deel35.pdf
;201914320_Deel35.pdf
;201914320_Deel35.pdf
;201914320_Deel35.pdf
;201914320_Deel35.pdf
;201914320_Deel35.pdf
;201914320_Deel35.pdf
;201914320_Deel35.pdf
;201914320_Deel35.pdf
;201914320_Deel35.pdf
;201914320_Deel35.pdf
;201914320_Deel35.pdf
;201914320_Deel35.pdf
;201914320_Deel35.pdf
;201914320_Deel35.pdf
;201914320_Deel35.pdf
;201914320_Deel35.pdf
;201914320_Deel35.pdf
;201914320_Deel35.pdf
Colorcode 24_GreenLongjingDragonwell.pdf: 24 etiketten;leeg.pdf
;stans.pdf
Colorcode 24_HappyBaby.pdf: 24 etiketten;leeg.pdf
;201914320_Deel36.pdf
;201914320_Deel36.pdf
;201914320_Deel36.pdf
;201914320_Deel36.pdf
;201914320_Deel36.pdf
;201914320_Deel36.pdf
;201914320_Deel36.pdf
;201914320_Deel36.pdf
;201914320_Deel36.pdf
;201914320_Deel36.pdf
;201914320_Deel36.pdf
;201914320_Deel36.pdf
;201914320_Deel36.pdf
;201914320_Deel36.pdf
;201914320_Deel36.pdf
;201914320_Deel36.pdf
;201914320_Deel36.pdf
;201914320_Deel36.pdf
;201914320_Deel36.pdf
;201914320_Deel36.pdf
;201914320_Deel36.pdf
;201914320_Deel36.pdf
;201914320_Deel36.pdf
;201914320_Deel36.pdf
;201914320_Deel36.pdf
;201914320_Deel36.pdf
Colorcode 24_HappyBaby.pdf: 24 etiketten;leeg.pdf
;stans.pdf
Colorcode 24_HappyMama.pdf: 24 etiketten;leeg.pdf
;201914320_Deel37.pdf
;201914320_Deel37.pdf
;201914320_Deel37.pdf
;201914320_Deel37.pdf
;201914320_Deel37.pdf
;201914320_Deel37.pdf
;201914320_Deel37.pdf
;201914320_Deel37.pdf
;201914320_Deel37.pdf
;201914320_Deel37.pdf
;201914320_Deel37.pdf
;201914320_Deel37.pdf
;201914320_Deel37.pdf
;201914320_Deel37.pdf
;201914320_Deel37.pdf
;201914320_Deel37.pdf
;201914320_Deel37.pdf
;201914320_Deel37.pdf
;201914320_Deel37.pdf
;201914320_Deel37.pdf
;201914320_Deel37.pdf
;201914320_Deel37.pdf
;201914320_Deel37.pdf
;201914320_Deel37.pdf
;201914320_Deel37.pdf
;201914320_Deel37.pdf
Colorcode 24_HappyMama.pdf: 24 etiketten;leeg.pdf
;stans.pdf
Colorcode 24_HawaiianParadise.pdf: 24 etiketten;leeg.pdf
;201914320_Deel38.pdf
;201914320_Deel38.pdf
;201914320_Deel38.pdf
;201914320_Deel38.pdf
;201914320_Deel38.pdf
;201914320_Deel38.pdf
;201914320_Deel38.pdf
;201914320_Deel38.pdf
;201914320_Deel38.pdf
;201914320_Deel38.pdf
;201914320_Deel38.pdf
;201914320_Deel38.pdf
;201914320_Deel38.pdf
;201914320_Deel38.pdf
;201914320_Deel38.pdf
;201914320_Deel38.pdf
;201914320_Deel38.pdf
;201914320_Deel38.pdf
;201914320_Deel38.pdf
;201914320_Deel38.pdf
;201914320_Deel38.pdf
;201914320_Deel38.pdf
;201914320_Deel38.pdf
;201914320_Deel38.pdf
;201914320_Deel38.pdf
;201914320_Deel38.pdf
Colorcode 24_HawaiianParadise.pdf: 24 etiketten;leeg.pdf
;stans.pdf
Colorcode 24_IbizaSunrise.pdf: 24 etiketten;leeg.pdf
;201914320_Deel39.pdf
;201914320_Deel39.pdf
;201914320_Deel39.pdf
;201914320_Deel39.pdf
;201914320_Deel39.pdf
;201914320_Deel39.pdf
;201914320_Deel39.pdf
;201914320_Deel39.pdf
;201914320_Deel39.pdf
;201914320_Deel39.pdf
;201914320_Deel39.pdf
;201914320_Deel39.pdf
;201914320_Deel39.pdf
;201914320_Deel39.pdf
;201914320_Deel39.pdf
;201914320_Deel39.pdf
;201914320_Deel39.pdf
;201914320_Deel39.pdf
;201914320_Deel39.pdf
;201914320_Deel39.pdf
;201914320_Deel39.pdf
;201914320_Deel39.pdf
;201914320_Deel39.pdf
;201914320_Deel39.pdf
;201914320_Deel39.pdf
;201914320_Deel39.pdf
Colorcode 24_IbizaSunrise.pdf: 24 etiketten;leeg.pdf
;stans.pdf
Colorcode 24_KashmiriChai.pdf: 24 etiketten;leeg.pdf
;201914320_Deel40.pdf
;201914320_Deel40.pdf
;201914320_Deel40.pdf
;201914320_Deel40.pdf
;201914320_Deel40.pdf
;201914320_Deel40.pdf
;201914320_Deel40.pdf
;201914320_Deel40.pdf
;201914320_Deel40.pdf
;201914320_Deel40.pdf
;201914320_Deel40.pdf
;201914320_Deel40.pdf
;201914320_Deel40.pdf
;201914320_Deel40.pdf
;201914320_Deel40.pdf
;201914320_Deel40.pdf
;201914320_Deel40.pdf
;201914320_Deel40.pdf
;201914320_Deel40.pdf
;201914320_Deel40.pdf
;201914320_Deel40.pdf
;201914320_Deel40.pdf
;201914320_Deel40.pdf
;201914320_Deel40.pdf
;201914320_Deel40.pdf
;201914320_Deel40.pdf
Colorcode 24_KashmiriChai.pdf: 24 etiketten;leeg.pdf
;stans.pdf
Colorcode 24_LavenderChamomille.pdf: 24 etiketten;leeg.pdf
;201914320_Deel41.pdf
;201914320_Deel41.pdf
;201914320_Deel41.pdf
;201914320_Deel41.pdf
;201914320_Deel41.pdf
;201914320_Deel41.pdf
;201914320_Deel41.pdf
;201914320_Deel41.pdf
;201914320_Deel41.pdf
;201914320_Deel41.pdf
;201914320_Deel41.pdf
;201914320_Deel41.pdf
;201914320_Deel41.pdf
;201914320_Deel41.pdf
;201914320_Deel41.pdf
;201914320_Deel41.pdf
;201914320_Deel41.pdf
;201914320_Deel41.pdf
;201914320_Deel41.pdf
;201914320_Deel41.pdf
;201914320_Deel41.pdf
;201914320_Deel41.pdf
;201914320_Deel41.pdf
;201914320_Deel41.pdf
;201914320_Deel41.pdf
;201914320_Deel41.pdf
Colorcode 24_LavenderChamomille.pdf: 24 etiketten;leeg.pdf
;stans.pdf
Colorcode 24_MasalaChaiCinnamon.pdf: 24 etiketten;leeg.pdf
;201914320_Deel42.pdf
;201914320_Deel42.pdf
;201914320_Deel42.pdf
;201914320_Deel42.pdf
;201914320_Deel42.pdf
;201914320_Deel42.pdf
;201914320_Deel42.pdf
;201914320_Deel42.pdf
;201914320_Deel42.pdf
;201914320_Deel42.pdf
;201914320_Deel42.pdf
;201914320_Deel42.pdf
;201914320_Deel42.pdf
;201914320_Deel42.pdf
;201914320_Deel42.pdf
;201914320_Deel42.pdf
;201914320_Deel42.pdf
;201914320_Deel42.pdf
;201914320_Deel42.pdf
;201914320_Deel42.pdf
;201914320_Deel42.pdf
;201914320_Deel42.pdf
;201914320_Deel42.pdf
;201914320_Deel42.pdf
;201914320_Deel42.pdf
;201914320_Deel42.pdf
Colorcode 24_MasalaChaiCinnamon.pdf: 24 etiketten;leeg.pdf
;stans.pdf
Colorcode 24_MilkyOolong.pdf: 24 etiketten;leeg.pdf
;201914320_Deel43.pdf
;201914320_Deel43.pdf
;201914320_Deel43.pdf
;201914320_Deel43.pdf
;201914320_Deel43.pdf
;201914320_Deel43.pdf
;201914320_Deel43.pdf
;201914320_Deel43.pdf
;201914320_Deel43.pdf
;201914320_Deel43.pdf
;201914320_Deel43.pdf
;201914320_Deel43.pdf
;201914320_Deel43.pdf
;201914320_Deel43.pdf
;201914320_Deel43.pdf
;201914320_Deel43.pdf
;201914320_Deel43.pdf
;201914320_Deel43.pdf
;201914320_Deel43.pdf
;201914320_Deel43.pdf
;201914320_Deel43.pdf
;201914320_Deel43.pdf
;201914320_Deel43.pdf
;201914320_Deel43.pdf
;201914320_Deel43.pdf
;201914320_Deel43.pdf
Colorcode 24_MilkyOolong.pdf: 24 etiketten;leeg.pdf
;stans.pdf
Colorcode 24_PureHibiscus.pdf: 24 etiketten;leeg.pdf
;201914320_Deel44.pdf
;201914320_Deel44.pdf
;201914320_Deel44.pdf
;201914320_Deel44.pdf
;201914320_Deel44.pdf
;201914320_Deel44.pdf
;201914320_Deel44.pdf
;201914320_Deel44.pdf
;201914320_Deel44.pdf
;201914320_Deel44.pdf
;201914320_Deel44.pdf
;201914320_Deel44.pdf
;201914320_Deel44.pdf
;201914320_Deel44.pdf
;201914320_Deel44.pdf
;201914320_Deel44.pdf
;201914320_Deel44.pdf
;201914320_Deel44.pdf
;201914320_Deel44.pdf
;201914320_Deel44.pdf
;201914320_Deel44.pdf
;201914320_Deel44.pdf
;201914320_Deel44.pdf
;201914320_Deel44.pdf
;201914320_Deel44.pdf
;201914320_Deel44.pdf
Colorcode 24_PureHibiscus.pdf: 24 etiketten;leeg.pdf
;stans.pdf
Colorcode 24_Rooibos.pdf: 24 etiketten;leeg.pdf
;201914320_Deel45.pdf
;201914320_Deel45.pdf
;201914320_Deel45.pdf
;201914320_Deel45.pdf
;201914320_Deel45.pdf
;201914320_Deel45.pdf
;201914320_Deel45.pdf
;201914320_Deel45.pdf
;201914320_Deel45.pdf
;201914320_Deel45.pdf
;201914320_Deel45.pdf
;201914320_Deel45.pdf
;201914320_Deel45.pdf
;201914320_Deel45.pdf
;201914320_Deel45.pdf
;201914320_Deel45.pdf
;201914320_Deel45.pdf
;201914320_Deel45.pdf
;201914320_Deel45.pdf
;201914320_Deel45.pdf
;201914320_Deel45.pdf
;201914320_Deel45.pdf
;201914320_Deel45.pdf
;201914320_Deel45.pdf
;201914320_Deel45.pdf
;201914320_Deel45.pdf
Colorcode 24_Rooibos.pdf: 24 etiketten;leeg.pdf
;stans.pdf
Colorcode 24_SweetGingerHeat.pdf: 24 etiketten;leeg.pdf
;201914320_Deel46.pdf
;201914320_Deel46.pdf
;201914320_Deel46.pdf
;201914320_Deel46.pdf
;201914320_Deel46.pdf
;201914320_Deel46.pdf
;201914320_Deel46.pdf
;201914320_Deel46.pdf
;201914320_Deel46.pdf
;201914320_Deel46.pdf
;201914320_Deel46.pdf
;201914320_Deel46.pdf
;201914320_Deel46.pdf
;201914320_Deel46.pdf
;201914320_Deel46.pdf
;201914320_Deel46.pdf
;201914320_Deel46.pdf
;201914320_Deel46.pdf
;201914320_Deel46.pdf
;201914320_Deel46.pdf
;201914320_Deel46.pdf
;201914320_Deel46.pdf
;201914320_Deel46.pdf
;201914320_Deel46.pdf
;201914320_Deel46.pdf
;201914320_Deel46.pdf
Colorcode 24_SweetGingerHeat.pdf: 24 etiketten;leeg.pdf
;stans.pdf
Colorcode 24_TiKuanYin.pdf: 24 etiketten;leeg.pdf
;201914320_Deel47.pdf
;201914320_Deel47.pdf
;201914320_Deel47.pdf
;201914320_Deel47.pdf
;201914320_Deel47.pdf
;201914320_Deel47.pdf
;201914320_Deel47.pdf
;201914320_Deel47.pdf
;201914320_Deel47.pdf
;201914320_Deel47.pdf
;201914320_Deel47.pdf
;201914320_Deel47.pdf
;201914320_Deel47.pdf
;201914320_Deel47.pdf
;201914320_Deel47.pdf
;201914320_Deel47.pdf
;201914320_Deel47.pdf
;201914320_Deel47.pdf
;201914320_Deel47.pdf
;201914320_Deel47.pdf
;201914320_Deel47.pdf
;201914320_Deel47.pdf
;201914320_Deel47.pdf
;201914320_Deel47.pdf
;201914320_Deel47.pdf
;201914320_Deel47.pdf
Colorcode 24_TiKuanYin.pdf: 24 etiketten;leeg.pdf
;stans.pdf
Colorcode 24_WhiteChai.pdf: 24 etiketten;leeg.pdf
;201914320_Deel48.pdf
;201914320_Deel48.pdf
;201914320_Deel48.pdf
;201914320_Deel48.pdf
;201914320_Deel48.pdf
;201914320_Deel48.pdf
;201914320_Deel48.pdf
;201914320_Deel48.pdf
;201914320_Deel48.pdf
;201914320_Deel48.pdf
;201914320_Deel48.pdf
;201914320_Deel48.pdf
;201914320_Deel48.pdf
;201914320_Deel48.pdf
;201914320_Deel48.pdf
;201914320_Deel48.pdf
;201914320_Deel48.pdf
;201914320_Deel48.pdf
;201914320_Deel48.pdf
;201914320_Deel48.pdf
;201914320_Deel48.pdf
;201914320_Deel48.pdf
;201914320_Deel48.pdf
;201914320_Deel48.pdf
;201914320_Deel48.pdf
;201914320_Deel48.pdf
Colorcode 24_WhiteChai.pdf: 24 etiketten;leeg.pdf
;stans.pdf
Colorcode 24_WhiteChocolateOrange.pdf: 24 etiketten;leeg.pdf
;201914320_Deel49.pdf
;201914320_Deel49.pdf
;201914320_Deel49.pdf
;201914320_Deel49.pdf
;201914320_Deel49.pdf
;201914320_Deel49.pdf
;201914320_Deel49.pdf
;201914320_Deel49.pdf
;201914320_Deel49.pdf
;201914320_Deel49.pdf
;201914320_Deel49.pdf
;201914320_Deel49.pdf
;201914320_Deel49.pdf
;201914320_Deel49.pdf
;201914320_Deel49.pdf
;201914320_Deel49.pdf
;201914320_Deel49.pdf
;201914320_Deel49.pdf
;201914320_Deel49.pdf
;201914320_Deel49.pdf
;201914320_Deel49.pdf
;201914320_Deel49.pdf
;201914320_Deel49.pdf
;201914320_Deel49.pdf
;201914320_Deel49.pdf
;201914320_Deel49.pdf
Colorcode 24_WhiteChocolateOrange.pdf: 24 etiketten;leeg.pdf
;stans.pdf
Colorcode 24_WhiteEvening.pdf: 24 etiketten;leeg.pdf
;201914320_Deel50.pdf
;201914320_Deel50.pdf
;201914320_Deel50.pdf
;201914320_Deel50.pdf
;201914320_Deel50.pdf
;201914320_Deel50.pdf
;201914320_Deel50.pdf
;201914320_Deel50.pdf
;201914320_Deel50.pdf
;201914320_Deel50.pdf
;201914320_Deel50.pdf
;201914320_Deel50.pdf
;201914320_Deel50.pdf
;201914320_Deel50.pdf
;201914320_Deel50.pdf
;201914320_Deel50.pdf
;201914320_Deel50.pdf
;201914320_Deel50.pdf
;201914320_Deel50.pdf
;201914320_Deel50.pdf
;201914320_Deel50.pdf
;201914320_Deel50.pdf
;201914320_Deel50.pdf
;201914320_Deel50.pdf
;201914320_Deel50.pdf
;201914320_Deel50.pdf
Colorcode 24_WhiteEvening.pdf: 24 etiketten;leeg.pdf
;stans.pdf
Colorcode 24_WhitePaiMuTan.pdf: 24 etiketten;leeg.pdf
;201914320_Deel51.pdf
;201914320_Deel51.pdf
;201914320_Deel51.pdf
;201914320_Deel51.pdf
;201914320_Deel51.pdf
;201914320_Deel51.pdf
;201914320_Deel51.pdf
;201914320_Deel51.pdf
;201914320_Deel51.pdf
;201914320_Deel51.pdf
;201914320_Deel51.pdf
;201914320_Deel51.pdf
;201914320_Deel51.pdf
;201914320_Deel51.pdf
;201914320_Deel51.pdf
;201914320_Deel51.pdf
;201914320_Deel51.pdf
;201914320_Deel51.pdf
;201914320_Deel51.pdf
;201914320_Deel51.pdf
;201914320_Deel51.pdf
;201914320_Deel51.pdf
;201914320_Deel51.pdf
;201914320_Deel51.pdf
;201914320_Deel51.pdf
;201914320_Deel51.pdf
Colorcode 24_WhitePaiMuTan.pdf: 24 etiketten;leeg.pdf
;stans.pdf
Colorcode 24_YellowHuoshanHuaHuang.pdf: 24 etiketten;leeg.pdf
;201914320_Deel52.pdf
;201914320_Deel52.pdf
;201914320_Deel52.pdf
;201914320_Deel52.pdf
;201914320_Deel52.pdf
;201914320_Deel52.pdf
;201914320_Deel52.pdf
;201914320_Deel52.pdf
;201914320_Deel52.pdf
;201914320_Deel52.pdf
;201914320_Deel52.pdf
;201914320_Deel52.pdf
;201914320_Deel52.pdf
;201914320_Deel52.pdf
;201914320_Deel52.pdf
;201914320_Deel52.pdf
;201914320_Deel52.pdf
;201914320_Deel52.pdf
;201914320_Deel52.pdf
;201914320_Deel52.pdf
;201914320_Deel52.pdf
;201914320_Deel52.pdf
;201914320_Deel52.pdf
;201914320_Deel52.pdf
;201914320_Deel52.pdf
;201914320_Deel52.pdf
Colorcode 24_YellowHuoshanHuaHuang.pdf: 24 etiketten;leeg.pdf
;stans.pdf
Colorcode 24_YuzuPomegranateOolong.pdf: 24 etiketten;leeg.pdf
;201914320_Deel53.pdf
;201914320_Deel53.pdf
;201914320_Deel53.pdf
;201914320_Deel53.pdf
;201914320_Deel53.pdf
;201914320_Deel53.pdf
;201914320_Deel53.pdf
;201914320_Deel53.pdf
;201914320_Deel53.pdf
;201914320_Deel53.pdf
;201914320_Deel53.pdf
;201914320_Deel53.pdf
;201914320_Deel53.pdf
;201914320_Deel53.pdf
;201914320_Deel53.pdf
;201914320_Deel53.pdf
;201914320_Deel53.pdf
;201914320_Deel53.pdf
;201914320_Deel53.pdf
;201914320_Deel53.pdf
;201914320_Deel53.pdf
;201914320_Deel53.pdf
;201914320_Deel53.pdf
;201914320_Deel53.pdf
;201914320_Deel53.pdf
;201914320_Deel53.pdf
Colorcode 24_YuzuPomegranateOolong.pdf: 24 etiketten;leeg.pdf
;stans.pdf
Colorcode 36_BerryBunch.pdf: 36 etiketten;leeg.pdf
;201914320_Deel54.pdf
;201914320_Deel54.pdf
;201914320_Deel54.pdf
;201914320_Deel54.pdf
;201914320_Deel54.pdf
;201914320_Deel54.pdf
;201914320_Deel54.pdf
;201914320_Deel54.pdf
;201914320_Deel54.pdf
;201914320_Deel54.pdf
;201914320_Deel54.pdf
;201914320_Deel54.pdf
;201914320_Deel54.pdf
;201914320_Deel54.pdf
;201914320_Deel54.pdf
;201914320_Deel54.pdf
;201914320_Deel54.pdf
;201914320_Deel54.pdf
;201914320_Deel54.pdf
;201914320_Deel54.pdf
;201914320_Deel54.pdf
;201914320_Deel54.pdf
;201914320_Deel54.pdf
;201914320_Deel54.pdf
;201914320_Deel54.pdf
;201914320_Deel54.pdf
;201914320_Deel54.pdf
;201914320_Deel54.pdf
;201914320_Deel54.pdf
;201914320_Deel54.pdf
;201914320_Deel54.pdf
;201914320_Deel54.pdf
;201914320_Deel54.pdf
;201914320_Deel54.pdf
;201914320_Deel54.pdf
;201914320_Deel54.pdf
;201914320_Deel54.pdf
;201914320_Deel54.pdf
;201914320_Deel54.pdf
Colorcode 36_BerryBunch.pdf: 36 etiketten;leeg.pdf
;stans.pdf
Colorcode 36_CaramelBlackHoney.pdf: 36 etiketten;leeg.pdf
;201914320_Deel55.pdf
;201914320_Deel55.pdf
;201914320_Deel55.pdf
;201914320_Deel55.pdf
;201914320_Deel55.pdf
;201914320_Deel55.pdf
;201914320_Deel55.pdf
;201914320_Deel55.pdf
;201914320_Deel55.pdf
;201914320_Deel55.pdf
;201914320_Deel55.pdf
;201914320_Deel55.pdf
;201914320_Deel55.pdf
;201914320_Deel55.pdf
;201914320_Deel55.pdf
;201914320_Deel55.pdf
;201914320_Deel55.pdf
;201914320_Deel55.pdf
;201914320_Deel55.pdf
;201914320_Deel55.pdf
;201914320_Deel55.pdf
;201914320_Deel55.pdf
;201914320_Deel55.pdf
;201914320_Deel55.pdf
;201914320_Deel55.pdf
;201914320_Deel55.pdf
;201914320_Deel55.pdf
;201914320_Deel55.pdf
;201914320_Deel55.pdf
;201914320_Deel55.pdf
;201914320_Deel55.pdf
;201914320_Deel55.pdf
;201914320_Deel55.pdf
;201914320_Deel55.pdf
;201914320_Deel55.pdf
;201914320_Deel55.pdf
;201914320_Deel55.pdf
;201914320_Deel55.pdf
;201914320_Deel55.pdf
Colorcode 36_CaramelBlackHoney.pdf: 36 etiketten;leeg.pdf
;stans.pdf
Colorcode 36_CinnamonCosyFire.pdf: 36 etiketten;leeg.pdf
;201914320_Deel56.pdf
;201914320_Deel56.pdf
;201914320_Deel56.pdf
;201914320_Deel56.pdf
;201914320_Deel56.pdf
;201914320_Deel56.pdf
;201914320_Deel56.pdf
;201914320_Deel56.pdf
;201914320_Deel56.pdf
;201914320_Deel56.pdf
;201914320_Deel56.pdf
;201914320_Deel56.pdf
;201914320_Deel56.pdf
;201914320_Deel56.pdf
;201914320_Deel56.pdf
;201914320_Deel56.pdf
;201914320_Deel56.pdf
;201914320_Deel56.pdf
;201914320_Deel56.pdf
;201914320_Deel56.pdf
;201914320_Deel56.pdf
;201914320_Deel56.pdf
;201914320_Deel56.pdf
;201914320_Deel56.pdf
;201914320_Deel56.pdf
;201914320_Deel56.pdf
;201914320_Deel56.pdf
;201914320_Deel56.pdf
;201914320_Deel56.pdf
;201914320_Deel56.pdf
;201914320_Deel56.pdf
;201914320_Deel56.pdf
;201914320_Deel56.pdf
;201914320_Deel56.pdf
;201914320_Deel56.pdf
;201914320_Deel56.pdf
;201914320_Deel56.pdf
;201914320_Deel56.pdf
;201914320_Deel56.pdf
Colorcode 36_CinnamonCosyFire.pdf: 36 etiketten;leeg.pdf
;stans.pdf
Colorcode 36_EgyptianChamomille.pdf: 36 etiketten;leeg.pdf
;201914320_Deel57.pdf
;201914320_Deel57.pdf
;201914320_Deel57.pdf
;201914320_Deel57.pdf
;201914320_Deel57.pdf
;201914320_Deel57.pdf
;201914320_Deel57.pdf
;201914320_Deel57.pdf
;201914320_Deel57.pdf
;201914320_Deel57.pdf
;201914320_Deel57.pdf
;201914320_Deel57.pdf
;201914320_Deel57.pdf
;201914320_Deel57.pdf
;201914320_Deel57.pdf
;201914320_Deel57.pdf
;201914320_Deel57.pdf
;201914320_Deel57.pdf
;201914320_Deel57.pdf
;201914320_Deel57.pdf
;201914320_Deel57.pdf
;201914320_Deel57.pdf
;201914320_Deel57.pdf
;201914320_Deel57.pdf
;201914320_Deel57.pdf
;201914320_Deel57.pdf
;201914320_Deel57.pdf
;201914320_Deel57.pdf
;201914320_Deel57.pdf
;201914320_Deel57.pdf
;201914320_Deel57.pdf
;201914320_Deel57.pdf
;201914320_Deel57.pdf
;201914320_Deel57.pdf
;201914320_Deel57.pdf
;201914320_Deel57.pdf
;201914320_Deel57.pdf
;201914320_Deel57.pdf
;201914320_Deel57.pdf
Colorcode 36_EgyptianChamomille.pdf: 36 etiketten;leeg.pdf
;stans.pdf
Colorcode 36_RooibosVanille.pdf: 36 etiketten;leeg.pdf
;201914320_Deel58.pdf
;201914320_Deel58.pdf
;201914320_Deel58.pdf
;201914320_Deel58.pdf
;201914320_Deel58.pdf
;201914320_Deel58.pdf
;201914320_Deel58.pdf
;201914320_Deel58.pdf
;201914320_Deel58.pdf
;201914320_Deel58.pdf
;201914320_Deel58.pdf
;201914320_Deel58.pdf
;201914320_Deel58.pdf
;201914320_Deel58.pdf
;201914320_Deel58.pdf
;201914320_Deel58.pdf
;201914320_Deel58.pdf
;201914320_Deel58.pdf
;201914320_Deel58.pdf
;201914320_Deel58.pdf
;201914320_Deel58.pdf
;201914320_Deel58.pdf
;201914320_Deel58.pdf
;201914320_Deel58.pdf
;201914320_Deel58.pdf
;201914320_Deel58.pdf
;201914320_Deel58.pdf
;201914320_Deel58.pdf
;201914320_Deel58.pdf
;201914320_Deel58.pdf
;201914320_Deel58.pdf
;201914320_Deel58.pdf
;201914320_Deel58.pdf
;201914320_Deel58.pdf
;201914320_Deel58.pdf
;201914320_Deel58.pdf
;201914320_Deel58.pdf
;201914320_Deel58.pdf
;201914320_Deel58.pdf
Colorcode 36_RooibosVanille.pdf: 36 etiketten;leeg.pdf
;stans.pdf
Colorcode 36_SilkFloweredJasmine.pdf: 36 etiketten;leeg.pdf
;201914320_Deel59.pdf
;201914320_Deel59.pdf
;201914320_Deel59.pdf
;201914320_Deel59.pdf
;201914320_Deel59.pdf
;201914320_Deel59.pdf
;201914320_Deel59.pdf
;201914320_Deel59.pdf
;201914320_Deel59.pdf
;201914320_Deel59.pdf
;201914320_Deel59.pdf
;201914320_Deel59.pdf
;201914320_Deel59.pdf
;201914320_Deel59.pdf
;201914320_Deel59.pdf
;201914320_Deel59.pdf
;201914320_Deel59.pdf
;201914320_Deel59.pdf
;201914320_Deel59.pdf
;201914320_Deel59.pdf
;201914320_Deel59.pdf
;201914320_Deel59.pdf
;201914320_Deel59.pdf
;201914320_Deel59.pdf
;201914320_Deel59.pdf
;201914320_Deel59.pdf
;201914320_Deel59.pdf
;201914320_Deel59.pdf
;201914320_Deel59.pdf
;201914320_Deel59.pdf
;201914320_Deel59.pdf
;201914320_Deel59.pdf
;201914320_Deel59.pdf
;201914320_Deel59.pdf
;201914320_Deel59.pdf
;201914320_Deel59.pdf
;201914320_Deel59.pdf
;201914320_Deel59.pdf
;201914320_Deel59.pdf
Colorcode 36_SilkFloweredJasmine.pdf: 36 etiketten;leeg.pdf
;stans.pdf
Colorcode 36_SweetRooibos.pdf: 36 etiketten;leeg.pdf
;201914320_Deel60.pdf
;201914320_Deel60.pdf
;201914320_Deel60.pdf
;201914320_Deel60.pdf
;201914320_Deel60.pdf
;201914320_Deel60.pdf
;201914320_Deel60.pdf
;201914320_Deel60.pdf
;201914320_Deel60.pdf
;201914320_Deel60.pdf
;201914320_Deel60.pdf
;201914320_Deel60.pdf
;201914320_Deel60.pdf
;201914320_Deel60.pdf
;201914320_Deel60.pdf
;201914320_Deel60.pdf
;201914320_Deel60.pdf
;201914320_Deel60.pdf
;201914320_Deel60.pdf
;201914320_Deel60.pdf
;201914320_Deel60.pdf
;201914320_Deel60.pdf
;201914320_Deel60.pdf
;201914320_Deel60.pdf
;201914320_Deel60.pdf
;201914320_Deel60.pdf
;201914320_Deel60.pdf
;201914320_Deel60.pdf
;201914320_Deel60.pdf
;201914320_Deel60.pdf
;201914320_Deel60.pdf
;201914320_Deel60.pdf
;201914320_Deel60.pdf
;201914320_Deel60.pdf
;201914320_Deel60.pdf
;201914320_Deel60.pdf
;201914320_Deel60.pdf
;201914320_Deel60.pdf
;201914320_Deel60.pdf
Colorcode 36_SweetRooibos.pdf: 36 etiketten;leeg.pdf
;stans.pdf
Colorcode 36_TurkishApple.pdf: 36 etiketten;leeg.pdf
;201914320_Deel61.pdf
;201914320_Deel61.pdf
;201914320_Deel61.pdf
;201914320_Deel61.pdf
;201914320_Deel61.pdf
;201914320_Deel61.pdf
;201914320_Deel61.pdf
;201914320_Deel61.pdf
;201914320_Deel61.pdf
;201914320_Deel61.pdf
;201914320_Deel61.pdf
;201914320_Deel61.pdf
;201914320_Deel61.pdf
;201914320_Deel61.pdf
;201914320_Deel61.pdf
;201914320_Deel61.pdf
;201914320_Deel61.pdf
;201914320_Deel61.pdf
;201914320_Deel61.pdf
;201914320_Deel61.pdf
;201914320_Deel61.pdf
;201914320_Deel61.pdf
;201914320_Deel61.pdf
;201914320_Deel61.pdf
;201914320_Deel61.pdf
;201914320_Deel61.pdf
;201914320_Deel61.pdf
;201914320_Deel61.pdf
;201914320_Deel61.pdf
;201914320_Deel61.pdf
;201914320_Deel61.pdf
;201914320_Deel61.pdf
;201914320_Deel61.pdf
;201914320_Deel61.pdf
;201914320_Deel61.pdf
;201914320_Deel61.pdf
;201914320_Deel61.pdf
;201914320_Deel61.pdf
;201914320_Deel61.pdf
Colorcode 36_TurkishApple.pdf: 36 etiketten;leeg.pdf
;stans.pdf
Colorcode 36_WhitePomegranate.pdf: 36 etiketten;leeg.pdf
;201914320_Deel62.pdf
;201914320_Deel62.pdf
;201914320_Deel62.pdf
;201914320_Deel62.pdf
;201914320_Deel62.pdf
;201914320_Deel62.pdf
;201914320_Deel62.pdf
;201914320_Deel62.pdf
;201914320_Deel62.pdf
;201914320_Deel62.pdf
;201914320_Deel62.pdf
;201914320_Deel62.pdf
;201914320_Deel62.pdf
;201914320_Deel62.pdf
;201914320_Deel62.pdf
;201914320_Deel62.pdf
;201914320_Deel62.pdf
;201914320_Deel62.pdf
;201914320_Deel62.pdf
;201914320_Deel62.pdf
;201914320_Deel62.pdf
;201914320_Deel62.pdf
;201914320_Deel62.pdf
;201914320_Deel62.pdf
;201914320_Deel62.pdf
;201914320_Deel62.pdf
;201914320_Deel62.pdf
;201914320_Deel62.pdf
;201914320_Deel62.pdf
;201914320_Deel62.pdf
;201914320_Deel62.pdf
;201914320_Deel62.pdf
;201914320_Deel62.pdf
;201914320_Deel62.pdf
;201914320_Deel62.pdf
;201914320_Deel62.pdf
;201914320_Deel62.pdf
;201914320_Deel62.pdf
;201914320_Deel62.pdf
Colorcode 36_WhitePomegranate.pdf: 36 etiketten;leeg.pdf
;stans.pdf
Colorcode 48_AfricanSummer.pdf: 48 etiketten;leeg.pdf
;201914320_Deel63.pdf
;201914320_Deel63.pdf
;201914320_Deel63.pdf
;201914320_Deel63.pdf
;201914320_Deel63.pdf
;201914320_Deel63.pdf
;201914320_Deel63.pdf
;201914320_Deel63.pdf
;201914320_Deel63.pdf
;201914320_Deel63.pdf
;201914320_Deel63.pdf
;201914320_Deel63.pdf
;201914320_Deel63.pdf
;201914320_Deel63.pdf
;201914320_Deel63.pdf
;201914320_Deel63.pdf
;201914320_Deel63.pdf
;201914320_Deel63.pdf
;201914320_Deel63.pdf
;201914320_Deel63.pdf
;201914320_Deel63.pdf
;201914320_Deel63.pdf
;201914320_Deel63.pdf
;201914320_Deel63.pdf
;201914320_Deel63.pdf
;201914320_Deel63.pdf
;201914320_Deel63.pdf
;201914320_Deel63.pdf
;201914320_Deel63.pdf
;201914320_Deel63.pdf
;201914320_Deel63.pdf
;201914320_Deel63.pdf
;201914320_Deel63.pdf
;201914320_Deel63.pdf
;201914320_Deel63.pdf
;201914320_Deel63.pdf
;201914320_Deel63.pdf
;201914320_Deel63.pdf
;201914320_Deel63.pdf
;201914320_Deel63.pdf
;201914320_Deel63.pdf
;201914320_Deel63.pdf
;201914320_Deel63.pdf
;201914320_Deel63.pdf
;201914320_Deel63.pdf
;201914320_Deel63.pdf
;201914320_Deel63.pdf
;201914320_Deel63.pdf
;201914320_Deel63.pdf
;201914320_Deel63.pdf
;201914320_Deel63.pdf
;201914320_Deel63.pdf
Colorcode 48_AfricanSummer.pdf: 48 etiketten;leeg.pdf
;stans.pdf
Colorcode 48_AppleCinnamon.pdf: 48 etiketten;leeg.pdf
;201914320_Deel64.pdf
;201914320_Deel64.pdf
;201914320_Deel64.pdf
;201914320_Deel64.pdf
;201914320_Deel64.pdf
;201914320_Deel64.pdf
;201914320_Deel64.pdf
;201914320_Deel64.pdf
;201914320_Deel64.pdf
;201914320_Deel64.pdf
;201914320_Deel64.pdf
;201914320_Deel64.pdf
;201914320_Deel64.pdf
;201914320_Deel64.pdf
;201914320_Deel64.pdf
;201914320_Deel64.pdf
;201914320_Deel64.pdf
;201914320_Deel64.pdf
;201914320_Deel64.pdf
;201914320_Deel64.pdf
;201914320_Deel64.pdf
;201914320_Deel64.pdf
;201914320_Deel64.pdf
;201914320_Deel64.pdf
;201914320_Deel64.pdf
;201914320_Deel64.pdf
;201914320_Deel64.pdf
;201914320_Deel64.pdf
;201914320_Deel64.pdf
;201914320_Deel64.pdf
;201914320_Deel64.pdf
;201914320_Deel64.pdf
;201914320_Deel64.pdf
;201914320_Deel64.pdf
;201914320_Deel64.pdf
;201914320_Deel64.pdf
;201914320_Deel64.pdf
;201914320_Deel64.pdf
;201914320_Deel64.pdf
;201914320_Deel64.pdf
;201914320_Deel64.pdf
;201914320_Deel64.pdf
;201914320_Deel64.pdf
;201914320_Deel64.pdf
;201914320_Deel64.pdf
;201914320_Deel64.pdf
;201914320_Deel64.pdf
;201914320_Deel64.pdf
;201914320_Deel64.pdf
;201914320_Deel64.pdf
;201914320_Deel64.pdf
;201914320_Deel64.pdf
Colorcode 48_AppleCinnamon.pdf: 48 etiketten;leeg.pdf
;stans.pdf
Colorcode 48_ChinaSencha.pdf: 48 etiketten;leeg.pdf
;201914320_Deel65.pdf
;201914320_Deel65.pdf
;201914320_Deel65.pdf
;201914320_Deel65.pdf
;201914320_Deel65.pdf
;201914320_Deel65.pdf
;201914320_Deel65.pdf
;201914320_Deel65.pdf
;201914320_Deel65.pdf
;201914320_Deel65.pdf
;201914320_Deel65.pdf
;201914320_Deel65.pdf
;201914320_Deel65.pdf
;201914320_Deel65.pdf
;201914320_Deel65.pdf
;201914320_Deel65.pdf
;201914320_Deel65.pdf
;201914320_Deel65.pdf
;201914320_Deel65.pdf
;201914320_Deel65.pdf
;201914320_Deel65.pdf
;201914320_Deel65.pdf
;201914320_Deel65.pdf
;201914320_Deel65.pdf
;201914320_Deel65.pdf
;201914320_Deel65.pdf
;201914320_Deel65.pdf
;201914320_Deel65.pdf
;201914320_Deel65.pdf
;201914320_Deel65.pdf
;201914320_Deel65.pdf
;201914320_Deel65.pdf
;201914320_Deel65.pdf
;201914320_Deel65.pdf
;201914320_Deel65.pdf
;201914320_Deel65.pdf
;201914320_Deel65.pdf
;201914320_Deel65.pdf
;201914320_Deel65.pdf
;201914320_Deel65.pdf
;201914320_Deel65.pdf
;201914320_Deel65.pdf
;201914320_Deel65.pdf
;201914320_Deel65.pdf
;201914320_Deel65.pdf
;201914320_Deel65.pdf
;201914320_Deel65.pdf
;201914320_Deel65.pdf
;201914320_Deel65.pdf
;201914320_Deel65.pdf
;201914320_Deel65.pdf
;201914320_Deel65.pdf
Colorcode 48_ChinaSencha.pdf: 48 etiketten;leeg.pdf
;stans.pdf
Colorcode 48_ColdComfort.pdf: 48 etiketten;leeg.pdf
;201914320_Deel66.pdf
;201914320_Deel66.pdf
;201914320_Deel66.pdf
;201914320_Deel66.pdf
;201914320_Deel66.pdf
;201914320_Deel66.pdf
;201914320_Deel66.pdf
;201914320_Deel66.pdf
;201914320_Deel66.pdf
;201914320_Deel66.pdf
;201914320_Deel66.pdf
;201914320_Deel66.pdf
;201914320_Deel66.pdf
;201914320_Deel66.pdf
;201914320_Deel66.pdf
;201914320_Deel66.pdf
;201914320_Deel66.pdf
;201914320_Deel66.pdf
;201914320_Deel66.pdf
;201914320_Deel66.pdf
;201914320_Deel66.pdf
;201914320_Deel66.pdf
;201914320_Deel66.pdf
;201914320_Deel66.pdf
;201914320_Deel66.pdf
;201914320_Deel66.pdf
;201914320_Deel66.pdf
;201914320_Deel66.pdf
;201914320_Deel66.pdf
;201914320_Deel66.pdf
;201914320_Deel66.pdf
;201914320_Deel66.pdf
;201914320_Deel66.pdf
;201914320_Deel66.pdf
;201914320_Deel66.pdf
;201914320_Deel66.pdf
;201914320_Deel66.pdf
;201914320_Deel66.pdf
;201914320_Deel66.pdf
;201914320_Deel66.pdf
;201914320_Deel66.pdf
;201914320_Deel66.pdf
;201914320_Deel66.pdf
;201914320_Deel66.pdf
;201914320_Deel66.pdf
;201914320_Deel66.pdf
;201914320_Deel66.pdf
;201914320_Deel66.pdf
;201914320_Deel66.pdf
;201914320_Deel66.pdf
;201914320_Deel66.pdf
;201914320_Deel66.pdf
Colorcode 48_ColdComfort.pdf: 48 etiketten;leeg.pdf
;stans.pdf
Colorcode 48_ForestBerryBreeze.pdf: 48 etiketten;leeg.pdf
;201914320_Deel67.pdf
;201914320_Deel67.pdf
;201914320_Deel67.pdf
;201914320_Deel67.pdf
;201914320_Deel67.pdf
;201914320_Deel67.pdf
;201914320_Deel67.pdf
;201914320_Deel67.pdf
;201914320_Deel67.pdf
;201914320_Deel67.pdf
;201914320_Deel67.pdf
;201914320_Deel67.pdf
;201914320_Deel67.pdf
;201914320_Deel67.pdf
;201914320_Deel67.pdf
;201914320_Deel67.pdf
;201914320_Deel67.pdf
;201914320_Deel67.pdf
;201914320_Deel67.pdf
;201914320_Deel67.pdf
;201914320_Deel67.pdf
;201914320_Deel67.pdf
;201914320_Deel67.pdf
;201914320_Deel67.pdf
;201914320_Deel67.pdf
;201914320_Deel67.pdf
;201914320_Deel67.pdf
;201914320_Deel67.pdf
;201914320_Deel67.pdf
;201914320_Deel67.pdf
;201914320_Deel67.pdf
;201914320_Deel67.pdf
;201914320_Deel67.pdf
;201914320_Deel67.pdf
;201914320_Deel67.pdf
;201914320_Deel67.pdf
;201914320_Deel67.pdf
;201914320_Deel67.pdf
;201914320_Deel67.pdf
;201914320_Deel67.pdf
;201914320_Deel67.pdf
;201914320_Deel67.pdf
;201914320_Deel67.pdf
;201914320_Deel67.pdf
;201914320_Deel67.pdf
;201914320_Deel67.pdf
;201914320_Deel67.pdf
;201914320_Deel67.pdf
;201914320_Deel67.pdf
;201914320_Deel67.pdf
;201914320_Deel67.pdf
;201914320_Deel67.pdf
Colorcode 48_ForestBerryBreeze.pdf: 48 etiketten;leeg.pdf
;stans.pdf
Colorcode 48_GingerMintDigestif.pdf: 48 etiketten;leeg.pdf
;201914320_Deel68.pdf
;201914320_Deel68.pdf
;201914320_Deel68.pdf
;201914320_Deel68.pdf
;201914320_Deel68.pdf
;201914320_Deel68.pdf
;201914320_Deel68.pdf
;201914320_Deel68.pdf
;201914320_Deel68.pdf
;201914320_Deel68.pdf
;201914320_Deel68.pdf
;201914320_Deel68.pdf
;201914320_Deel68.pdf
;201914320_Deel68.pdf
;201914320_Deel68.pdf
;201914320_Deel68.pdf
;201914320_Deel68.pdf
;201914320_Deel68.pdf
;201914320_Deel68.pdf
;201914320_Deel68.pdf
;201914320_Deel68.pdf
;201914320_Deel68.pdf
;201914320_Deel68.pdf
;201914320_Deel68.pdf
;201914320_Deel68.pdf
;201914320_Deel68.pdf
;201914320_Deel68.pdf
;201914320_Deel68.pdf
;201914320_Deel68.pdf
;201914320_Deel68.pdf
;201914320_Deel68.pdf
;201914320_Deel68.pdf
;201914320_Deel68.pdf
;201914320_Deel68.pdf
;201914320_Deel68.pdf
;201914320_Deel68.pdf
;201914320_Deel68.pdf
;201914320_Deel68.pdf
;201914320_Deel68.pdf
;201914320_Deel68.pdf
;201914320_Deel68.pdf
;201914320_Deel68.pdf
;201914320_Deel68.pdf
;201914320_Deel68.pdf
;201914320_Deel68.pdf
;201914320_Deel68.pdf
;201914320_Deel68.pdf
;201914320_Deel68.pdf
;201914320_Deel68.pdf
;201914320_Deel68.pdf
;201914320_Deel68.pdf
;201914320_Deel68.pdf
Colorcode 48_GingerMintDigestif.pdf: 48 etiketten;leeg.pdf
;stans.pdf
Colorcode 48_GreenSenchaMint.pdf: 48 etiketten;leeg.pdf
;201914320_Deel69.pdf
;201914320_Deel69.pdf
;201914320_Deel69.pdf
;201914320_Deel69.pdf
;201914320_Deel69.pdf
;201914320_Deel69.pdf
;201914320_Deel69.pdf
;201914320_Deel69.pdf
;201914320_Deel69.pdf
;201914320_Deel69.pdf
;201914320_Deel69.pdf
;201914320_Deel69.pdf
;201914320_Deel69.pdf
;201914320_Deel69.pdf
;201914320_Deel69.pdf
;201914320_Deel69.pdf
;201914320_Deel69.pdf
;201914320_Deel69.pdf
;201914320_Deel69.pdf
;201914320_Deel69.pdf
;201914320_Deel69.pdf
;201914320_Deel69.pdf
;201914320_Deel69.pdf
;201914320_Deel69.pdf
;201914320_Deel69.pdf
;201914320_Deel69.pdf
;201914320_Deel69.pdf
;201914320_Deel69.pdf
;201914320_Deel69.pdf
;201914320_Deel69.pdf
;201914320_Deel69.pdf
;201914320_Deel69.pdf
;201914320_Deel69.pdf
;201914320_Deel69.pdf
;201914320_Deel69.pdf
;201914320_Deel69.pdf
;201914320_Deel69.pdf
;201914320_Deel69.pdf
;201914320_Deel69.pdf
;201914320_Deel69.pdf
;201914320_Deel69.pdf
;201914320_Deel69.pdf
;201914320_Deel69.pdf
;201914320_Deel69.pdf
;201914320_Deel69.pdf
;201914320_Deel69.pdf
;201914320_Deel69.pdf
;201914320_Deel69.pdf
;201914320_Deel69.pdf
;201914320_Deel69.pdf
;201914320_Deel69.pdf
;201914320_Deel69.pdf
Colorcode 48_GreenSenchaMint.pdf: 48 etiketten;leeg.pdf
;stans.pdf
Colorcode 56_LemonGingerOlive.pdf: 56 etiketten;leeg.pdf
;201914320_Deel70.pdf
;201914320_Deel70.pdf
;201914320_Deel70.pdf
;201914320_Deel70.pdf
;201914320_Deel70.pdf
;201914320_Deel70.pdf
;201914320_Deel70.pdf
;201914320_Deel70.pdf
;201914320_Deel70.pdf
;201914320_Deel70.pdf
;201914320_Deel70.pdf
;201914320_Deel70.pdf
;201914320_Deel70.pdf
;201914320_Deel70.pdf
;201914320_Deel70.pdf
;201914320_Deel70.pdf
;201914320_Deel70.pdf
;201914320_Deel70.pdf
;201914320_Deel70.pdf
;201914320_Deel70.pdf
;201914320_Deel70.pdf
;201914320_Deel70.pdf
;201914320_Deel70.pdf
;201914320_Deel70.pdf
;201914320_Deel70.pdf
;201914320_Deel70.pdf
;201914320_Deel70.pdf
;201914320_Deel70.pdf
;201914320_Deel70.pdf
;201914320_Deel70.pdf
;201914320_Deel70.pdf
;201914320_Deel70.pdf
;201914320_Deel70.pdf
;201914320_Deel70.pdf
;201914320_Deel70.pdf
;201914320_Deel70.pdf
;201914320_Deel70.pdf
;201914320_Deel70.pdf
;201914320_Deel70.pdf
;201914320_Deel70.pdf
;201914320_Deel70.pdf
;201914320_Deel70.pdf
;201914320_Deel70.pdf
;201914320_Deel70.pdf
;201914320_Deel70.pdf
;201914320_Deel70.pdf
;201914320_Deel70.pdf
;201914320_Deel70.pdf
;201914320_Deel70.pdf
;201914320_Deel70.pdf
;201914320_Deel70.pdf
;201914320_Deel70.pdf
;201914320_Deel70.pdf
;201914320_Deel70.pdf
;201914320_Deel70.pdf
;201914320_Deel70.pdf
;201914320_Deel70.pdf
;201914320_Deel70.pdf
;201914320_Deel70.pdf
;201914320_Deel70.pdf
;201914320_Deel70.pdf
Colorcode 56_LemonGingerOlive.pdf: 56 etiketten;leeg.pdf
;stans.pdf
Colorcode 72_Beautiful.pdf: 72 etiketten;leeg.pdf
;201914320_Deel71.pdf
;201914320_Deel71.pdf
;201914320_Deel71.pdf
;201914320_Deel71.pdf
;201914320_Deel71.pdf
;201914320_Deel71.pdf
;201914320_Deel71.pdf
;201914320_Deel71.pdf
;201914320_Deel71.pdf
;201914320_Deel71.pdf
;201914320_Deel71.pdf
;201914320_Deel71.pdf
;201914320_Deel71.pdf
;201914320_Deel71.pdf
;201914320_Deel71.pdf
;201914320_Deel71.pdf
;201914320_Deel71.pdf
;201914320_Deel71.pdf
;201914320_Deel71.pdf
;201914320_Deel71.pdf
;201914320_Deel71.pdf
;201914320_Deel71.pdf
;201914320_Deel71.pdf
;201914320_Deel71.pdf
;201914320_Deel71.pdf
;201914320_Deel71.pdf
;201914320_Deel71.pdf
;201914320_Deel71.pdf
;201914320_Deel71.pdf
;201914320_Deel71.pdf
;201914320_Deel71.pdf
;201914320_Deel71.pdf
;201914320_Deel71.pdf
;201914320_Deel71.pdf
;201914320_Deel71.pdf
;201914320_Deel71.pdf
;201914320_Deel71.pdf
;201914320_Deel71.pdf
;201914320_Deel71.pdf
;201914320_Deel71.pdf
;201914320_Deel71.pdf
;201914320_Deel71.pdf
;201914320_Deel71.pdf
;201914320_Deel71.pdf
;201914320_Deel71.pdf
;201914320_Deel71.pdf
;201914320_Deel71.pdf
;201914320_Deel71.pdf
;201914320_Deel71.pdf
;201914320_Deel71.pdf
;201914320_Deel71.pdf
;201914320_Deel71.pdf
;201914320_Deel71.pdf
;201914320_Deel71.pdf
;201914320_Deel71.pdf
;201914320_Deel71.pdf
;201914320_Deel71.pdf
;201914320_Deel71.pdf
;201914320_Deel71.pdf
;201914320_Deel71.pdf
;201914320_Deel71.pdf
;201914320_Deel71.pdf
;201914320_Deel71.pdf
;201914320_Deel71.pdf
;201914320_Deel71.pdf
;201914320_Deel71.pdf
;201914320_Deel71.pdf
;201914320_Deel71.pdf
;201914320_Deel71.pdf
;201914320_Deel71.pdf
;201914320_Deel71.pdf
;201914320_Deel71.pdf
;201914320_Deel71.pdf
;201914320_Deel71.pdf
;201914320_Deel71.pdf
;201914320_Deel71.pdf
;201914320_Deel71.pdf
;201914320_Deel71.pdf
;201914320_Deel71.pdf
Colorcode 72_Beautiful.pdf: 72 etiketten;leeg.pdf
;stans.pdf
Colorcode 72_EarlGreyBlueFlower.pdf: 72 etiketten;leeg.pdf
;201914320_Deel72.pdf
;201914320_Deel72.pdf
;201914320_Deel72.pdf
;201914320_Deel72.pdf
;201914320_Deel72.pdf
;201914320_Deel72.pdf
;201914320_Deel72.pdf
;201914320_Deel72.pdf
;201914320_Deel72.pdf
;201914320_Deel72.pdf
;201914320_Deel72.pdf
;201914320_Deel72.pdf
;201914320_Deel72.pdf
;201914320_Deel72.pdf
;201914320_Deel72.pdf
;201914320_Deel72.pdf
;201914320_Deel72.pdf
;201914320_Deel72.pdf
;201914320_Deel72.pdf
;201914320_Deel72.pdf
;201914320_Deel72.pdf
;201914320_Deel72.pdf
;201914320_Deel72.pdf
;201914320_Deel72.pdf
;201914320_Deel72.pdf
;201914320_Deel72.pdf
;201914320_Deel72.pdf
;201914320_Deel72.pdf
;201914320_Deel72.pdf
;201914320_Deel72.pdf
;201914320_Deel72.pdf
;201914320_Deel72.pdf
;201914320_Deel72.pdf
;201914320_Deel72.pdf
;201914320_Deel72.pdf
;201914320_Deel72.pdf
;201914320_Deel72.pdf
;201914320_Deel72.pdf
;201914320_Deel72.pdf
;201914320_Deel72.pdf
;201914320_Deel72.pdf
;201914320_Deel72.pdf
;201914320_Deel72.pdf
;201914320_Deel72.pdf
;201914320_Deel72.pdf
;201914320_Deel72.pdf
;201914320_Deel72.pdf
;201914320_Deel72.pdf
;201914320_Deel72.pdf
;201914320_Deel72.pdf
;201914320_Deel72.pdf
;201914320_Deel72.pdf
;201914320_Deel72.pdf
;201914320_Deel72.pdf
;201914320_Deel72.pdf
;201914320_Deel72.pdf
;201914320_Deel72.pdf
;201914320_Deel72.pdf
;201914320_Deel72.pdf
;201914320_Deel72.pdf
;201914320_Deel72.pdf
;201914320_Deel72.pdf
;201914320_Deel72.pdf
;201914320_Deel72.pdf
;201914320_Deel72.pdf
;201914320_Deel72.pdf
;201914320_Deel72.pdf
;201914320_Deel72.pdf
;201914320_Deel72.pdf
;201914320_Deel72.pdf
;201914320_Deel72.pdf
;201914320_Deel72.pdf
;201914320_Deel72.pdf
;201914320_Deel72.pdf
;201914320_Deel72.pdf
;201914320_Deel72.pdf
;201914320_Deel72.pdf
;201914320_Deel72.pdf
;201914320_Deel72.pdf
Colorcode 72_EarlGreyBlueFlower.pdf: 72 etiketten;leeg.pdf
;stans.pdf
Colorcode 72_EnergyBoost.pdf: 72 etiketten;leeg.pdf
;201914320_Deel73.pdf
;201914320_Deel73.pdf
;201914320_Deel73.pdf
;201914320_Deel73.pdf
;201914320_Deel73.pdf
;201914320_Deel73.pdf
;201914320_Deel73.pdf
;201914320_Deel73.pdf
;201914320_Deel73.pdf
;201914320_Deel73.pdf
;201914320_Deel73.pdf
;201914320_Deel73.pdf
;201914320_Deel73.pdf
;201914320_Deel73.pdf
;201914320_Deel73.pdf
;201914320_Deel73.pdf
;201914320_Deel73.pdf
;201914320_Deel73.pdf
;201914320_Deel73.pdf
;201914320_Deel73.pdf
;201914320_Deel73.pdf
;201914320_Deel73.pdf
;201914320_Deel73.pdf
;201914320_Deel73.pdf
;201914320_Deel73.pdf
;201914320_Deel73.pdf
;201914320_Deel73.pdf
;201914320_Deel73.pdf
;201914320_Deel73.pdf
;201914320_Deel73.pdf
;201914320_Deel73.pdf
;201914320_Deel73.pdf
;201914320_Deel73.pdf
;201914320_Deel73.pdf
;201914320_Deel73.pdf
;201914320_Deel73.pdf
;201914320_Deel73.pdf
;201914320_Deel73.pdf
;201914320_Deel73.pdf
;201914320_Deel73.pdf
;201914320_Deel73.pdf
;201914320_Deel73.pdf
;201914320_Deel73.pdf
;201914320_Deel73.pdf
;201914320_Deel73.pdf
;201914320_Deel73.pdf
;201914320_Deel73.pdf
;201914320_Deel73.pdf
;201914320_Deel73.pdf
;201914320_Deel73.pdf
;201914320_Deel73.pdf
;201914320_Deel73.pdf
;201914320_Deel73.pdf
;201914320_Deel73.pdf
;201914320_Deel73.pdf
;201914320_Deel73.pdf
;201914320_Deel73.pdf
;201914320_Deel73.pdf
;201914320_Deel73.pdf
;201914320_Deel73.pdf
;201914320_Deel73.pdf
;201914320_Deel73.pdf
;201914320_Deel73.pdf
;201914320_Deel73.pdf
;201914320_Deel73.pdf
;201914320_Deel73.pdf
;201914320_Deel73.pdf
;201914320_Deel73.pdf
;201914320_Deel73.pdf
;201914320_Deel73.pdf
;201914320_Deel73.pdf
;201914320_Deel73.pdf
;201914320_Deel73.pdf
;201914320_Deel73.pdf
;201914320_Deel73.pdf
;201914320_Deel73.pdf
;201914320_Deel73.pdf
;201914320_Deel73.pdf
;201914320_Deel73.pdf
Colorcode 72_EnergyBoost.pdf: 72 etiketten;leeg.pdf
;stans.pdf
Colorcode 72_EnergyWave.pdf: 72 etiketten;leeg.pdf
;201914320_Deel74.pdf
;201914320_Deel74.pdf
;201914320_Deel74.pdf
;201914320_Deel74.pdf
;201914320_Deel74.pdf
;201914320_Deel74.pdf
;201914320_Deel74.pdf
;201914320_Deel74.pdf
;201914320_Deel74.pdf
;201914320_Deel74.pdf
;201914320_Deel74.pdf
;201914320_Deel74.pdf
;201914320_Deel74.pdf
;201914320_Deel74.pdf
;201914320_Deel74.pdf
;201914320_Deel74.pdf
;201914320_Deel74.pdf
;201914320_Deel74.pdf
;201914320_Deel74.pdf
;201914320_Deel74.pdf
;201914320_Deel74.pdf
;201914320_Deel74.pdf
;201914320_Deel74.pdf
;201914320_Deel74.pdf
;201914320_Deel74.pdf
;201914320_Deel74.pdf
;201914320_Deel74.pdf
;201914320_Deel74.pdf
;201914320_Deel74.pdf
;201914320_Deel74.pdf
;201914320_Deel74.pdf
;201914320_Deel74.pdf
;201914320_Deel74.pdf
;201914320_Deel74.pdf
;201914320_Deel74.pdf
;201914320_Deel74.pdf
;201914320_Deel74.pdf
;201914320_Deel74.pdf
;201914320_Deel74.pdf
;201914320_Deel74.pdf
;201914320_Deel74.pdf
;201914320_Deel74.pdf
;201914320_Deel74.pdf
;201914320_Deel74.pdf
;201914320_Deel74.pdf
;201914320_Deel74.pdf
;201914320_Deel74.pdf
;201914320_Deel74.pdf
;201914320_Deel74.pdf
;201914320_Deel74.pdf
;201914320_Deel74.pdf
;201914320_Deel74.pdf
;201914320_Deel74.pdf
;201914320_Deel74.pdf
;201914320_Deel74.pdf
;201914320_Deel74.pdf
;201914320_Deel74.pdf
;201914320_Deel74.pdf
;201914320_Deel74.pdf
;201914320_Deel74.pdf
;201914320_Deel74.pdf
;201914320_Deel74.pdf
;201914320_Deel74.pdf
;201914320_Deel74.pdf
;201914320_Deel74.pdf
;201914320_Deel74.pdf
;201914320_Deel74.pdf
;201914320_Deel74.pdf
;201914320_Deel74.pdf
;201914320_Deel74.pdf
;201914320_Deel74.pdf
;201914320_Deel74.pdf
;201914320_Deel74.pdf
;201914320_Deel74.pdf
;201914320_Deel74.pdf
;201914320_Deel74.pdf
;201914320_Deel74.pdf
;201914320_Deel74.pdf
;201914320_Deel74.pdf
Colorcode 72_EnergyWave.pdf: 72 etiketten;leeg.pdf
;stans.pdf
Colorcode 72_RelaxedDay.pdf: 72 etiketten;leeg.pdf
;201914320_Deel75.pdf
;201914320_Deel75.pdf
;201914320_Deel75.pdf
;201914320_Deel75.pdf
;201914320_Deel75.pdf
;201914320_Deel75.pdf
;201914320_Deel75.pdf
;201914320_Deel75.pdf
;201914320_Deel75.pdf
;201914320_Deel75.pdf
;201914320_Deel75.pdf
;201914320_Deel75.pdf
;201914320_Deel75.pdf
;201914320_Deel75.pdf
;201914320_Deel75.pdf
;201914320_Deel75.pdf
;201914320_Deel75.pdf
;201914320_Deel75.pdf
;201914320_Deel75.pdf
;201914320_Deel75.pdf
;201914320_Deel75.pdf
;201914320_Deel75.pdf
;201914320_Deel75.pdf
;201914320_Deel75.pdf
;201914320_Deel75.pdf
;201914320_Deel75.pdf
;201914320_Deel75.pdf
;201914320_Deel75.pdf
;201914320_Deel75.pdf
;201914320_Deel75.pdf
;201914320_Deel75.pdf
;201914320_Deel75.pdf
;201914320_Deel75.pdf
;201914320_Deel75.pdf
;201914320_Deel75.pdf
;201914320_Deel75.pdf
;201914320_Deel75.pdf
;201914320_Deel75.pdf
;201914320_Deel75.pdf
;201914320_Deel75.pdf
;201914320_Deel75.pdf
;201914320_Deel75.pdf
;201914320_Deel75.pdf
;201914320_Deel75.pdf
;201914320_Deel75.pdf
;201914320_Deel75.pdf
;201914320_Deel75.pdf
;201914320_Deel75.pdf
;201914320_Deel75.pdf
;201914320_Deel75.pdf
;201914320_Deel75.pdf
;201914320_Deel75.pdf
;201914320_Deel75.pdf
;201914320_Deel75.pdf
;201914320_Deel75.pdf
;201914320_Deel75.pdf
;201914320_Deel75.pdf
;201914320_Deel75.pdf
;201914320_Deel75.pdf
;201914320_Deel75.pdf
;201914320_Deel75.pdf
;201914320_Deel75.pdf
;201914320_Deel75.pdf
;201914320_Deel75.pdf
;201914320_Deel75.pdf
;201914320_Deel75.pdf
;201914320_Deel75.pdf
;201914320_Deel75.pdf
;201914320_Deel75.pdf
;201914320_Deel75.pdf
;201914320_Deel75.pdf
;201914320_Deel75.pdf
;201914320_Deel75.pdf
;201914320_Deel75.pdf
;201914320_Deel75.pdf
;201914320_Deel75.pdf
;201914320_Deel75.pdf
;201914320_Deel75.pdf
;201914320_Deel75.pdf
Colorcode 72_RelaxedDay.pdf: 72 etiketten;leeg.pdf
;stans.pdf
Colorcode 84_DetoxMate.pdf: 84 etiketten;leeg.pdf
;201914320_Deel76.pdf
;201914320_Deel76.pdf
;201914320_Deel76.pdf
;201914320_Deel76.pdf
;201914320_Deel76.pdf
;201914320_Deel76.pdf
;201914320_Deel76.pdf
;201914320_Deel76.pdf
;201914320_Deel76.pdf
;201914320_Deel76.pdf
;201914320_Deel76.pdf
;201914320_Deel76.pdf
;201914320_Deel76.pdf
;201914320_Deel76.pdf
;201914320_Deel76.pdf
;201914320_Deel76.pdf
;201914320_Deel76.pdf
;201914320_Deel76.pdf
;201914320_Deel76.pdf
;201914320_Deel76.pdf
;201914320_Deel76.pdf
;201914320_Deel76.pdf
;201914320_Deel76.pdf
;201914320_Deel76.pdf
;201914320_Deel76.pdf
;201914320_Deel76.pdf
;201914320_Deel76.pdf
;201914320_Deel76.pdf
;201914320_Deel76.pdf
;201914320_Deel76.pdf
;201914320_Deel76.pdf
;201914320_Deel76.pdf
;201914320_Deel76.pdf
;201914320_Deel76.pdf
;201914320_Deel76.pdf
;201914320_Deel76.pdf
;201914320_Deel76.pdf
;201914320_Deel76.pdf
;201914320_Deel76.pdf
;201914320_Deel76.pdf
;201914320_Deel76.pdf
;201914320_Deel76.pdf
;201914320_Deel76.pdf
;201914320_Deel76.pdf
;201914320_Deel76.pdf
;201914320_Deel76.pdf
;201914320_Deel76.pdf
;201914320_Deel76.pdf
;201914320_Deel76.pdf
;201914320_Deel76.pdf
;201914320_Deel76.pdf
;201914320_Deel76.pdf
;201914320_Deel76.pdf
;201914320_Deel76.pdf
;201914320_Deel76.pdf
;201914320_Deel76.pdf
;201914320_Deel76.pdf
;201914320_Deel76.pdf
;201914320_Deel76.pdf
;201914320_Deel76.pdf
;201914320_Deel76.pdf
;201914320_Deel76.pdf
;201914320_Deel76.pdf
;201914320_Deel76.pdf
;201914320_Deel76.pdf
;201914320_Deel76.pdf
;201914320_Deel76.pdf
;201914320_Deel76.pdf
;201914320_Deel76.pdf
;201914320_Deel76.pdf
;201914320_Deel76.pdf
;201914320_Deel76.pdf
;201914320_Deel76.pdf
;201914320_Deel76.pdf
;201914320_Deel76.pdf
;201914320_Deel76.pdf
;201914320_Deel76.pdf
;201914320_Deel76.pdf
;201914320_Deel76.pdf
;201914320_Deel76.pdf
;201914320_Deel76.pdf
;201914320_Deel76.pdf
;201914320_Deel76.pdf
;201914320_Deel76.pdf
;201914320_Deel76.pdf
;201914320_Deel76.pdf
;201914320_Deel76.pdf
;201914320_Deel76.pdf
;201914320_Deel76.pdf
;201914320_Deel76.pdf
;201914320_Deel76.pdf
;201914320_Deel76.pdf
Colorcode 84_DetoxMate.pdf: 84 etiketten;leeg.pdf
;stans.pdf
Colorcode 84_QuietNight.pdf: 84 etiketten;leeg.pdf
;201914320_Deel77.pdf
;201914320_Deel77.pdf
;201914320_Deel77.pdf
;201914320_Deel77.pdf
;201914320_Deel77.pdf
;201914320_Deel77.pdf
;201914320_Deel77.pdf
;201914320_Deel77.pdf
;201914320_Deel77.pdf
;201914320_Deel77.pdf
;201914320_Deel77.pdf
;201914320_Deel77.pdf
;201914320_Deel77.pdf
;201914320_Deel77.pdf
;201914320_Deel77.pdf
;201914320_Deel77.pdf
;201914320_Deel77.pdf
;201914320_Deel77.pdf
;201914320_Deel77.pdf
;201914320_Deel77.pdf
;201914320_Deel77.pdf
;201914320_Deel77.pdf
;201914320_Deel77.pdf
;201914320_Deel77.pdf
;201914320_Deel77.pdf
;201914320_Deel77.pdf
;201914320_Deel77.pdf
;201914320_Deel77.pdf
;201914320_Deel77.pdf
;201914320_Deel77.pdf
;201914320_Deel77.pdf
;201914320_Deel77.pdf
;201914320_Deel77.pdf
;201914320_Deel77.pdf
;201914320_Deel77.pdf
;201914320_Deel77.pdf
;201914320_Deel77.pdf
;201914320_Deel77.pdf
;201914320_Deel77.pdf
;201914320_Deel77.pdf
;201914320_Deel77.pdf
;201914320_Deel77.pdf
;201914320_Deel77.pdf
;201914320_Deel77.pdf
;201914320_Deel77.pdf
;201914320_Deel77.pdf
;201914320_Deel77.pdf
;201914320_Deel77.pdf
;201914320_Deel77.pdf
;201914320_Deel77.pdf
;201914320_Deel77.pdf
;201914320_Deel77.pdf
;201914320_Deel77.pdf
;201914320_Deel77.pdf
;201914320_Deel77.pdf
;201914320_Deel77.pdf
;201914320_Deel77.pdf
;201914320_Deel77.pdf
;201914320_Deel77.pdf
;201914320_Deel77.pdf
;201914320_Deel77.pdf
;201914320_Deel77.pdf
;201914320_Deel77.pdf
;201914320_Deel77.pdf
;201914320_Deel77.pdf
;201914320_Deel77.pdf
;201914320_Deel77.pdf
;201914320_Deel77.pdf
;201914320_Deel77.pdf
;201914320_Deel77.pdf
;201914320_Deel77.pdf
;201914320_Deel77.pdf
;201914320_Deel77.pdf
;201914320_Deel77.pdf
;201914320_Deel77.pdf
;201914320_Deel77.pdf
;201914320_Deel77.pdf
;201914320_Deel77.pdf
;201914320_Deel77.pdf
;201914320_Deel77.pdf
;201914320_Deel77.pdf
;201914320_Deel77.pdf
;201914320_Deel77.pdf
;201914320_Deel77.pdf
;201914320_Deel77.pdf
;201914320_Deel77.pdf
;201914320_Deel77.pdf
;201914320_Deel77.pdf
;201914320_Deel77.pdf
;201914320_Deel77.pdf
;201914320_Deel77.pdf
;201914320_Deel77.pdf
Colorcode 84_QuietNight.pdf: 84 etiketten;leeg.pdf
;stans.pdf
Colorcode 84_RosehipFruitPunch.pdf: 84 etiketten;leeg.pdf
;201914320_Deel78.pdf
;201914320_Deel78.pdf
;201914320_Deel78.pdf
;201914320_Deel78.pdf
;201914320_Deel78.pdf
;201914320_Deel78.pdf
;201914320_Deel78.pdf
;201914320_Deel78.pdf
;201914320_Deel78.pdf
;201914320_Deel78.pdf
;201914320_Deel78.pdf
;201914320_Deel78.pdf
;201914320_Deel78.pdf
;201914320_Deel78.pdf
;201914320_Deel78.pdf
;201914320_Deel78.pdf
;201914320_Deel78.pdf
;201914320_Deel78.pdf
;201914320_Deel78.pdf
;201914320_Deel78.pdf
;201914320_Deel78.pdf
;201914320_Deel78.pdf
;201914320_Deel78.pdf
;201914320_Deel78.pdf
;201914320_Deel78.pdf
;201914320_Deel78.pdf
;201914320_Deel78.pdf
;201914320_Deel78.pdf
;201914320_Deel78.pdf
;201914320_Deel78.pdf
;201914320_Deel78.pdf
;201914320_Deel78.pdf
;201914320_Deel78.pdf
;201914320_Deel78.pdf
;201914320_Deel78.pdf
;201914320_Deel78.pdf
;201914320_Deel78.pdf
;201914320_Deel78.pdf
;201914320_Deel78.pdf
;201914320_Deel78.pdf
;201914320_Deel78.pdf
;201914320_Deel78.pdf
;201914320_Deel78.pdf
;201914320_Deel78.pdf
;201914320_Deel78.pdf
;201914320_Deel78.pdf
;201914320_Deel78.pdf
;201914320_Deel78.pdf
;201914320_Deel78.pdf
;201914320_Deel78.pdf
;201914320_Deel78.pdf
;201914320_Deel78.pdf
;201914320_Deel78.pdf
;201914320_Deel78.pdf
;201914320_Deel78.pdf
;201914320_Deel78.pdf
;201914320_Deel78.pdf
;201914320_Deel78.pdf
;201914320_Deel78.pdf
;201914320_Deel78.pdf
;201914320_Deel78.pdf
;201914320_Deel78.pdf
;201914320_Deel78.pdf
;201914320_Deel78.pdf
;201914320_Deel78.pdf
;201914320_Deel78.pdf
;201914320_Deel78.pdf
;201914320_Deel78.pdf
;201914320_Deel78.pdf
;201914320_Deel78.pdf
;201914320_Deel78.pdf
;201914320_Deel78.pdf
;201914320_Deel78.pdf
;201914320_Deel78.pdf
;201914320_Deel78.pdf
;201914320_Deel78.pdf
;201914320_Deel78.pdf
;201914320_Deel78.pdf
;201914320_Deel78.pdf
;201914320_Deel78.pdf
;201914320_Deel78.pdf
;201914320_Deel78.pdf
;201914320_Deel78.pdf
;201914320_Deel78.pdf
;201914320_Deel78.pdf
;201914320_Deel78.pdf
;201914320_Deel78.pdf
;201914320_Deel78.pdf
;201914320_Deel78.pdf
;201914320_Deel78.pdf
;201914320_Deel78.pdf
;201914320_Deel78.pdf
Colorcode 84_RosehipFruitPunch.pdf: 84 etiketten;leeg.pdf
;stans.pdf
Colorcode 84_YogiRelax_wit.pdf: 84 etiketten;leeg.pdf
;201914320_Deel79.pdf
;201914320_Deel79.pdf
;201914320_Deel79.pdf
;201914320_Deel79.pdf
;201914320_Deel79.pdf
;201914320_Deel79.pdf
;201914320_Deel79.pdf
;201914320_Deel79.pdf
;201914320_Deel79.pdf
;201914320_Deel79.pdf
;201914320_Deel79.pdf
;201914320_Deel79.pdf
;201914320_Deel79.pdf
;201914320_Deel79.pdf
;201914320_Deel79.pdf
;201914320_Deel79.pdf
;201914320_Deel79.pdf
;201914320_Deel79.pdf
;201914320_Deel79.pdf
;201914320_Deel79.pdf
;201914320_Deel79.pdf
;201914320_Deel79.pdf
;201914320_Deel79.pdf
;201914320_Deel79.pdf
;201914320_Deel79.pdf
;201914320_Deel79.pdf
;201914320_Deel79.pdf
;201914320_Deel79.pdf
;201914320_Deel79.pdf
;201914320_Deel79.pdf
;201914320_Deel79.pdf
;201914320_Deel79.pdf
;201914320_Deel79.pdf
;201914320_Deel79.pdf
;201914320_Deel79.pdf
;201914320_Deel79.pdf
;201914320_Deel79.pdf
;201914320_Deel79.pdf
;201914320_Deel79.pdf
;201914320_Deel79.pdf
;201914320_Deel79.pdf
;201914320_Deel79.pdf
;201914320_Deel79.pdf
;201914320_Deel79.pdf
;201914320_Deel79.pdf
;201914320_Deel79.pdf
;201914320_Deel79.pdf
;201914320_Deel79.pdf
;201914320_Deel79.pdf
;201914320_Deel79.pdf
;201914320_Deel79.pdf
;201914320_Deel79.pdf
;201914320_Deel79.pdf
;201914320_Deel79.pdf
;201914320_Deel79.pdf
;201914320_Deel79.pdf
;201914320_Deel79.pdf
;201914320_Deel79.pdf
;201914320_Deel79.pdf
;201914320_Deel79.pdf
;201914320_Deel79.pdf
;201914320_Deel79.pdf
;201914320_Deel79.pdf
;201914320_Deel79.pdf
;201914320_Deel79.pdf
;201914320_Deel79.pdf
;201914320_Deel79.pdf
;201914320_Deel79.pdf
;201914320_Deel79.pdf
;201914320_Deel79.pdf
;201914320_Deel79.pdf
;201914320_Deel79.pdf
;201914320_Deel79.pdf
;201914320_Deel79.pdf
;201914320_Deel79.pdf
;201914320_Deel79.pdf
;201914320_Deel79.pdf
;201914320_Deel79.pdf
;201914320_Deel79.pdf
;201914320_Deel79.pdf
;201914320_Deel79.pdf
;201914320_Deel79.pdf
;201914320_Deel79.pdf
;201914320_Deel79.pdf
;201914320_Deel79.pdf
;201914320_Deel79.pdf
;201914320_Deel79.pdf
;201914320_Deel79.pdf
;201914320_Deel79.pdf
;201914320_Deel79.pdf
;201914320_Deel79.pdf
;201914320_Deel79.pdf
Colorcode 84_YogiRelax_wit.pdf: 84 etiketten;leeg.pdf
;stans.pdf
