Colorcode;Colorname;Finish;num;Aantal;Basis;aantal;pdf
A03.0.0;White;Rock;431052;45;1;50;2018_meteon.pdf
A03.0.0;White;Rock;400480;374;1;380;2018_meteon.pdf
A03.1.0;Pastel Grey;Rock;412152;369;1;370;2018_meteon.pdf
A03.4.0;Silver Grey;Rock;431058;17;1;20;2018_meteon.pdf
A03.4.0;Silver Grey;Rock;400489;90;1;90;2018_meteon.pdf
A04.0.0;Cream White;Rock;412159;352;1;360;2018_meteon.pdf
A04.0.0;Cream White;Satin;431087;8;1;10;2018_meteon.pdf
A04.0.1;Pearl Yellow;Rock;412160;369;1;370;2018_meteon.pdf
A04.0.1;Pearl Yellow;Satin;431110;37;1;40;2018_meteon.pdf
A04.0.1;Pearl Yellow;Satin;400496;343;1;350;2018_meteon.pdf
A04.0.2;Pale Yellow;Rock;412161;85;1;90;2018_meteon.pdf
A04.0.2;Pale Yellow;Satin;400500;325;1;330;2018_meteon.pdf
A04.0.5;Zinc Yellow;Satin;431083;6;1;10;2018_meteon.pdf
A04.0.5;Zinc Yellow;Satin;412113;20;1;20;2018_meteon.pdf
A04.1.7;Gold Yellow;Rock;404478;202;1;210;2018_meteon.pdf
A04.1.7;Gold Yellow;Satin;431081;10;1;10;2018_meteon.pdf
A05.0.0;Pure White;Rock;400506;150;1;150;2018_meteon.pdf
A05.1.0;Papyrus White;Rock;412158;317;1;320;2018_meteon.pdf
A05.1.0;Papyrus White;Satin;431089;21;1;30;2018_meteon.pdf
A05.1.0;Papyrus White;Satin;400510;224;1;230;2018_meteon.pdf
A05.1.1;Stone Beige;Rock;431060;3;1;10;2018_meteon.pdf
A05.1.1;Stone Beige;Rock;400515;221;1;230;2018_meteon.pdf
A05.1.2;Champagne;Rock;400521;120;1;120;2018_meteon.pdf
A05.1.2;Champagne;Satin;431125;19;1;20;2018_meteon.pdf
A05.1.2;Champagne;Satin;400519;141;1;150;2018_meteon.pdf
A05.1.4;Sun Yellow;Satin;400524;296;1;300;2018_meteon.pdf
A05.5.0;Quartz Grey;Rock;430168;251;1;260;2018_meteon.pdf
A06.3.5;Ochre;Rock;404480;184;1;190;2018_meteon.pdf
A06.3.5;Ochre;Satin;400528;148;1;150;2018_meteon.pdf
A06.5.1;Toscana Greige;Rock;430167;230;1;230;2018_meteon.pdf
A06.5.1;Toscana Greige;Satin;431084;45;1;50;2018_meteon.pdf
A06.5.1;Toscana Greige;Satin;430148;432;1;440;2018_meteon.pdf
A06.7.1;Natural Greige;Rock;430166;217;1;220;2018_meteon.pdf
A06.7.1;Natural Greige;Satin;431097;34;1;40;2018_meteon.pdf
A07.1.1;Sand;Rock;400529;95;1;100;2018_meteon.pdf
A07.1.1;Sand;Satin;431107;11;1;20;2018_meteon.pdf
A07.1.1;Sand;Satin;400530;65;1;70;2018_meteon.pdf
A08.2.1;Beige;Rock;400533;117;1;120;2018_meteon.pdf
A08.2.1;Beige;Satin;431086;39;1;40;2018_meteon.pdf
A08.2.3;Salmon;Rock;412132;278;1;280;2018_meteon.pdf
A08.3.1;Stone Grey;Rock;431054;4;1;10;2018_meteon.pdf
A08.3.1;Stone Grey;Rock;400540;97;1;100;2018_meteon.pdf
A08.3.1;Stone Grey;Satin;431090;45;1;50;2018_meteon.pdf
A08.4.5;Rusty Red;Rock;412136;147;1;150;2018_meteon.pdf
A08.4.5;Rusty Red;Satin;400545;127;1;130;2018_meteon.pdf
A08.8.1;Dark Brown;Rock;412138;113;1;120;2018_meteon.pdf
A08.8.1;Dark Brown;Satin;431102;16;1;20;2018_meteon.pdf
A09.6.4;Mahogany Red;Rock;412135;85;1;90;2018_meteon.pdf
A10.1.8;Red Orange;Rock;412163;162;1;170;2018_meteon.pdf
A10.3.4;Terra Cotta;Satin;400555;334;1;340;2018_meteon.pdf
A10.4.5;Sienna Brown;Rock;412134;159;1;160;2018_meteon.pdf
A10.6.1;Taupe;Rock;412130;548;1;550;2018_meteon.pdf
A10.6.1;Taupe;Satin;400559;53;1;60;2018_meteon.pdf
A11.4.4;English Red;Satin;431088;28;1;30;2018_meteon.pdf
A11.8.0;Ceramic Greige;Rock;430165;21;1;30;2018_meteon.pdf
A12.1.8;Passion Red;Rock;430162;47;1;50;2018_meteon.pdf
A12.1.8;Passion Red;Satin;431079;54;1;60;2018_meteon.pdf
A12.3.7;Carmine Red;Rock;412164;24;1;30;2018_meteon.pdf
A12.6.3;Wine Red;Rock;431057;63;1;70;2018_meteon.pdf
A12.6.3;Wine Red;Rock;400568;349;1;350;2018_meteon.pdf
A12.6.3;Wine Red;Satin;431091;16;1;20;2018_meteon.pdf
A14.7.2;Deep Red Brown;Rock;412137;150;1;150;2018_meteon.pdf
A14.7.2;Deep Red Brown;Satin;431104;32;1;40;2018_meteon.pdf
A16.5.1;Mauve;Rock;412156;268;1;270;2018_meteon.pdf
A16.5.1;Mauve;Satin;431127;11;1;20;2018_meteon.pdf
A16.5.1;Mauve;Satin;400578;67;1;70;2018_meteon.pdf
A17.3.5;Cyclam;Rock;412165;27;1;30;2018_meteon.pdf
A17.3.5;Cyclam;Satin;431105;15;1;20;2018_meteon.pdf
A17.3.5;Cyclam;Satin;410574;346;1;350;2018_meteon.pdf
A20.5.2;Lavender Blue;Rock;412128;209;1;210;2018_meteon.pdf
A20.5.2;Lavender Blue;Satin;400582;20;1;20;2018_meteon.pdf
A20.7.2;Dark Blue;Rock;400584;22;1;30;2018_meteon.pdf
A20.7.2;Dark Blue;Satin;431120;49;1;50;2018_meteon.pdf
A20.7.2;Dark Blue;Satin;400586;52;1;60;2018_meteon.pdf
A21.1.0;Winter Grey;Rock;412153;338;1;340;2018_meteon.pdf
A21.5.1;Mid Grey;Rock;431059;48;1;50;2018_meteon.pdf
A21.5.4;Cobalt Blue;Satin;431103;66;1;70;2018_meteon.pdf
A21.7.0;Steel Grey;Rock;430184;253;1;260;2018_meteon.pdf
A22.1.6;Royal Blue;Rock;430169;200;1;200;2018_meteon.pdf
A22.2.1;Bluish Grey;Rock;412154;182;1;190;2018_meteon.pdf
A22.2.4;Powder Blue;Satin;431126;70;1;70;2018_meteon.pdf
A22.3.1;Ocean Grey;Rock;412155;86;1;90;2018_meteon.pdf
A22.3.1;Ocean Grey;Satin;431094;66;1;70;2018_meteon.pdf
A22.3.1;Ocean Grey;Satin;400602;239;1;240;2018_meteon.pdf
A22.4.4;Brilliant Blue;Rock;412148;159;1;160;2018_meteon.pdf
A22.4.4;Brilliant Blue;Satin;431100;32;1;40;2018_meteon.pdf
A22.4.4;Brilliant Blue;Satin;400604;20;1;20;2018_meteon.pdf
A22.6.2;Dark Denim;Rock;412129;364;1;370;2018_meteon.pdf
A22.6.2;Dark Denim;Satin;400607;56;1;60;2018_meteon.pdf
A23.0.4;Mineral Blue;Rock;412167;177;1;180;2018_meteon.pdf
A23.0.4;Mineral Blue;Satin;431109;2;1;10;2018_meteon.pdf
A24.4.1;Steel Blue;Rock;400613;67;1;70;2018_meteon.pdf
A24.4.1;Steel Blue;Satin;431117;9;1;10;2018_meteon.pdf
A25.8.1;Anthracite;Rock;431053;27;1;30;2018_meteon.pdf
A26.5.4;Pacific;Rock;412145;72;1;80;2018_meteon.pdf
A26.5.4;Pacific;Satin;431121;29;1;30;2018_meteon.pdf
A28.2.1;Aquamarine;Rock;412149;253;1;260;2018_meteon.pdf
A28.6.2;Mid Green;Rock;412144;359;1;360;2018_meteon.pdf
A28.6.2;Mid Green;Satin;431128;73;1;80;2018_meteon.pdf
A28.6.2;Mid Green;Satin;400632;306;1;310;2018_meteon.pdf
A30.3.2;Verdigris;Rock;412150;105;1;110;2018_meteon.pdf
A32.2.1;Translucent Green;Rock;412151;104;1;110;2018_meteon.pdf
A32.2.1;Translucent Green;Satin;431124;58;1;60;2018_meteon.pdf
A32.7.2;Dark Green;Rock;400639;63;1;70;2018_meteon.pdf
A32.7.2;Dark Green;Satin;431115;15;1;20;2018_meteon.pdf
A34.8.1;Forest Green;Rock;412139;82;1;90;2018_meteon.pdf
A34.8.1;Forest Green;Satin;431130;46;1;50;2018_meteon.pdf
A35.4.0;Cactus Green;Rock;430183;221;1;230;2018_meteon.pdf
A35.4.0;Cactus Green;Satin;431099;66;1;70;2018_meteon.pdf
A37.0.8;Lime Green;Rock;430163;202;1;210;2018_meteon.pdf
A37.0.8;Lime Green;Satin;430144;314;1;320;2018_meteon.pdf
A37.2.3;Spring Green;Rock;412143;70;1;70;2018_meteon.pdf
A37.2.3;Spring Green;Satin;431080;19;1;20;2018_meteon.pdf
A41.0.6;Mojito Green;Rock;430164;147;1;150;2018_meteon.pdf
A41.0.6;Mojito Green;Satin;431096;43;1;50;2018_meteon.pdf
A41.0.6;Mojito Green;Satin;430145;110;1;110;2018_meteon.pdf
A90.0.0;Black;Rock;400652;47;1;50;2018_meteon.pdf
NW04;Pacific Board;Matt;430827;45;2;50;2018_meteon.pdf
NW04;Pacific Board;Satin;401427;34;2;40;2018_meteon.pdf
NW05;Loft Brown;Matt;430255;1;2;10;2018_meteon.pdf
NW06;Montreux Amber;Satin;430835;41;2;50;2018_meteon.pdf
NW07;Montreux Sunglow;Satin;430836;27;2;30;2018_meteon.pdf
NW08;Italian Walnut;Matt;430256;303;2;310;2018_meteon.pdf
NW09;Wenge;Matt;430257;304;2;310;2018_meteon.pdf
NW09;Wenge;Satin;430838;22;2;30;2018_meteon.pdf
NW11;Santos Palisander;Satin;430715;17;2;20;2018_meteon.pdf
NW12;Natural Bagenda;Satin;430716;33;2;40;2018_meteon.pdf
NW13;Country Wood;Satin;430717;36;2;40;2018_meteon.pdf
NW13;Country Wood;Satin;411144;480;2;480;2018_meteon.pdf
NW14;French Walnut;Satin;430722;4;2;10;2018_meteon.pdf
NW15;Milano Sabbia;Satin;430719;57;2;60;2018_meteon.pdf
NW16;Milano Terra;Matt;430259;122;2;130;2018_meteon.pdf
NW16;Milano Terra;Satin;430721;4;2;10;2018_meteon.pdf
NW17;Milano Grigio;Matt;430724;26;2;30;2018_meteon.pdf
NW17;Milano Grigio;Matt;430260;155;2;160;2018_meteon.pdf
NW19;Dark Mahogany;Satin;430726;30;2;30;2018_meteon.pdf
NW22;Slate Wood;Matt;430731;72;2;80;2018_meteon.pdf
NW22;Slate Wood;Matt;430263;32;2;40;2018_meteon.pdf
NW22;Slate Wood;Satin;430730;92;2;100;2018_meteon.pdf
NW22;Slate Wood;Satin;430232;543;2;550;2018_meteon.pdf
NW23;Nordic Black;Matt;430732;45;2;50;2018_meteon.pdf
NW23;Nordic Black;Satin;430733;11;2;20;2018_meteon.pdf
NW23;Nordic Black;Satin;430233;90;2;90;2018_meteon.pdf
NW24;Greyed Cedar;Matt;430886;39;2;40;2018_meteon.pdf
NW24;Greyed Cedar;Matt;430922;217;2;220;2018_meteon.pdf
NW25;Hesbania;Matt;430887;48;2;50;2018_meteon.pdf
NW26;Core Ash;Matt;430888;54;2;60;2018_meteon.pdf
NW27;Denver Oak;Matt;430889;40;2;40;2018_meteon.pdf
NW27;Denver Oak;Matt;430895;1;2;10;2018_meteon.pdf
NW29;Woodstone;Matt;430891;84;2;90;2018_meteon.pdf
NA11;French Limestone;Matt;430310;68;3;70;2018_meteon.pdf
NA11;French Limestone;Matt-Rock;430877;18;3;20;2018_meteon.pdf
NA11;French Limestone;Matt-Rock;430868;71;3;80;2018_meteon.pdf
NA12;Natural Chalkstone;Matt;430311;223;3;230;2018_meteon.pdf
NA12;Natural Chalkstone;Matt-Rock;430876;12;3;20;2018_meteon.pdf
NA12;Natural Chalkstone;Matt-Rock;430869;231;3;240;2018_meteon.pdf
NA13;Silver Quartzite;Matt-Rock;430875;82;3;90;2018_meteon.pdf
NA13;Silver Quartzite;Matt-Rock;430870;92;3;100;2018_meteon.pdf
NA14;Weathered Basalt;Matt;430313;186;3;190;2018_meteon.pdf
NA14;Weathered Basalt;Matt-Rock;430874;37;3;40;2018_meteon.pdf
NA14;Weathered Basalt;Matt-Rock;430871;360;3;360;2018_meteon.pdf
NA15;Indian Terra Cotta;Matt;430314;348;3;350;2018_meteon.pdf
NA15;Indian Terra Cotta;Matt-Rock;430873;23;3;30;2018_meteon.pdf
NA16;Belgian Bluestone;Matt;431637;1;3;10;2018_meteon.pdf
NA16;Belgian Bluestone;Matt-Rock;431642;294;3;300;2018_meteon.pdf
NA17;Natural Graphite;Matt-Rock;431648;123;3;130;2018_meteon.pdf
NM02;Forged Alloy;Matt, this decor has gloss elements in the surface ;430923;48;3;50;2018_meteon.pdf
NM02;Forged Alloy;Matt, this decor has gloss elements in the surface ;430904;79;3;80;2018_meteon.pdf
NM03;Corroded Green;Matt;430914;36;3;40;2018_meteon.pdf
NM03;Corroded Green;Matt, this decor has gloss elements in the surface ;430905;174;3;180;2018_meteon.pdf
NM04;Sintered Alloy;Matt, this decor has gloss elements in the surface ;430913;51;3;60;2018_meteon.pdf
NM04;Sintered Alloy;Matt, this decor has gloss elements in the surface ;430906;362;3;370;2018_meteon.pdf
NM05;Hardened Brown;Matt, this decor has gloss elements in the surface ;430912;34;3;40;2018_meteon.pdf
NM06;Tempered Grey;Matt, this decor has gloss elements in the surface ;430911;76;3;80;2018_meteon.pdf
NM06;Tempered Grey;Matt, this decor has gloss elements in the surface ;430908;9;3;10;2018_meteon.pdf
NM07;Casted Grey;Matt, this decor has gloss elements in the surface ;430909;27;3;30;2018_meteon.pdf
NM08;Crafted White;Matt, this decor has gloss elements in the surface ;431572;338;3;340;2018_meteon.pdf
M04.4.1;Titanium Silver;Rock;412217;115;4;120;2018_meteon.pdf
M04.4.1;Titanium Silver;Satin;411854;52;4;60;2018_meteon.pdf
M05.5.1;Titanium Bronze;Rock;412218;144;4;150;2018_meteon.pdf
M05.5.1;Titanium Bronze;Satin;431151;11;4;20;2018_meteon.pdf
M05.6.1;Urban Brown;Satin;431580;55;4;60;2018_meteon.pdf
M05.6.1;Urban Brown;Satin;431571;595;4;600;2018_meteon.pdf
M06.4.1;Amber;Rock;431065;63;4;70;2018_meteon.pdf
M06.4.1;Amber;Satin;401390;84;4;90;2018_meteon.pdf
M10.5.5;Deep Copper;Satin;431581;81;4;90;2018_meteon.pdf
M10.5.5;Deep Copper;Satin;431570;345;4;350;2018_meteon.pdf
M21.3.4;Azurite Blue;Rock;400831;287;4;290;2018_meteon.pdf
M21.3.4;Azurite Blue;Satin;431149;72;4;80;2018_meteon.pdf
M21.3.4;Azurite Blue;Satin;401003;106;4;110;2018_meteon.pdf
M21.8.1;Graphite Grey;Rock;400834;97;4;100;2018_meteon.pdf
M21.8.1;Graphite Grey;Satin;431143;1;4;10;2018_meteon.pdf
M35.7.1;Malachite Green;Rock;400837;79;4;80;2018_meteon.pdf
M35.7.1;Malachite Green;Satin;401005;12;4;20;2018_meteon.pdf
M40.4.3;Mustard Yellow;Rock;404307;212;4;220;2018_meteon.pdf
M40.4.3;Mustard Yellow;Satin;431147;70;4;70;2018_meteon.pdf
M40.4.3;Mustard Yellow;Satin;401392;43;4;50;2018_meteon.pdf
M53.0.1;Copper Red;Rock;400843;388;4;390;2018_meteon.pdf
M53.0.1;Copper Red;Satin;401000;110;4;110;2018_meteon.pdf
M53.0.2;Copper Yellow;Rock;431061;2;4;10;2018_meteon.pdf
M53.0.2;Copper Yellow;Rock;400846;111;4;120;2018_meteon.pdf
C08.03;Brooklyn Classic;Diffuse;431528;29;5;30;2018_meteon.pdf
C08.25;Brooklyn Anthracite;Diffuse;431532;65;5;70;2018_meteon.pdf
CM05.21;Santiago Gris;Diffuse;431563;87;5;90;2018_meteon.pdf
CM05.21;Santiago Gris;Diffuse;431562;207;5;210;2018_meteon.pdf
CM05.25;Santiago Noche;Diffuse;431564;25;5;30;2018_meteon.pdf
CM09.03;Brooklyn Steel;Diffuse;431535;30;5;30;2018_meteon.pdf
CM09.51;Brooklyn Aluminium;Diffuse;431541;14;5;20;2018_meteon.pdf
CM09.51;Brooklyn Aluminimum;Diffuse;431540;387;5;390;2018_meteon.pdf
L0500;Athens White;Diffuse;431418;2;6;10;2018_meteon.pdf
L0500;Athens White;Diffuse;431008;353;6;360;2018_meteon.pdf
L0500;Athens White;Oblique;431010;342;6;350;2018_meteon.pdf
L0500;Athens White;Specular;431196;81;6;90;2018_meteon.pdf
L0651;Italian Greige;Diffuse;431422;47;6;50;2018_meteon.pdf
L0651;Italian Greige;Diffuse;431206;78;6;80;2018_meteon.pdf
L0651;Italian Greige;Oblique;431244;62;6;70;2018_meteon.pdf
L0651;Italian Greige;Oblique;431207;87;6;90;2018_meteon.pdf
L0651;Italian Greige;Specular;431423;55;6;60;2018_meteon.pdf
L0651;Italian Greige;Specular;431208;300;6;300;2018_meteon.pdf
L0964;India Brown;Diffuse;431424;32;6;40;2018_meteon.pdf
L0964;India Brown;Diffuse;431200;121;6;130;2018_meteon.pdf
L0964;India Brown;Oblique;431201;94;6;100;2018_meteon.pdf
L0964;India Brown;Specular;431202;152;6;160;2018_meteon.pdf
L2151;London Grey;Oblique;431238;49;6;50;2018_meteon.pdf
L2151;London Grey;Oblique;431194;295;6;300;2018_meteon.pdf
L2151;London Grey;Specular;431429;12;6;20;2018_meteon.pdf
L2151;London Grey;Specular;431195;180;6;180;2018_meteon.pdf
L2581;New York Grey;Oblique;431191;56;6;60;2018_meteon.pdf
L2581;New York Grey;Specular;431192;54;6;60;2018_meteon.pdf
L9000;Metropolis Black;Oblique;431235;26;6;30;2018_meteon.pdf
L9000;Metropolis Black;Oblique;431011;222;6;230;2018_meteon.pdf
LM0561;Roman Bronze;Oblique;431485;44;6;50;2018_meteon.pdf
LM0561;Roman Bronze;Oblique;431484;489;6;490;2018_meteon.pdf
LM0561;Roman Bronze;Specular;431486;21;6;30;2018_meteon.pdf
LM0561;Roman Bronze;Specular;431483;6;6;10;2018_meteon.pdf
LM0641;China Gold;Diffuse;431502;37;6;40;2018_meteon.pdf
LM0641;China Gold;Diffuse;431499;21;6;30;2018_meteon.pdf
LM0641;China Gold;Oblique;431504;31;6;40;2018_meteon.pdf
LM0641;China Gold;Specular;431503;40;6;40;2018_meteon.pdf
LM0641;China Gold;Specular;431500;502;6;510;2018_meteon.pdf
LM1055;Persian Copper;Diffuse;431490;104;6;110;2018_meteon.pdf
LM1055;Persian Copper;Oblique;431493;58;6;60;2018_meteon.pdf
LM1055;Persian Copper;Oblique;431492;250;6;250;2018_meteon.pdf
LM1055;Persian Copper;Specular;431495;101;6;110;2018_meteon.pdf
LM1055;Persian Copper;Specular;431491;483;6;490;2018_meteon.pdf
LM2181;Siberian Platinum;Diffuse;431509;312;6;320;2018_meteon.pdf
LM2181;Siberian Platinum;Oblique;431511;37;6;40;2018_meteon.pdf
LM5101;Paris Silver;Diffuse;431520;32;6;40;2018_meteon.pdf
LM5101;Paris Silver;Diffuse;431518;260;6;260;2018_meteon.pdf
LM5101;Paris Silver;Oblique;431522;35;6;40;2018_meteon.pdf
LM5101;Paris Silver;Specular;431521;123;6;130;2018_meteon.pdf
LM5101;Paris Silver;Specular;431517;214;6;220;2018_meteon.pdf
6009;Fir Green;Satin;430574;277;9;280;2018_meteon.pdf
7021;Black Grey;Satin;430572;374;9;380;2018_meteon.pdf
7030;Stone Grey;Satin;430573;247;9;250;2018_meteon.pdf
7039;Quartz Grey;Satin;431367;210;9;210;2018_meteon.pdf
9001;Cream;Satin;430571;314;9;320;2018_meteon.pdf
9005;Jet Black;Satin;431368;9;9;10;2018_meteon.pdf
E0-00;White;Crystal Matt;430783;38;10;40;2018_toplab_BASE.pdf
E0-02;Silver Grey;Crystal Matt;430787;4;10;10;2018_toplab_BASE.pdf
E0-04;Mid Grey;Crystal Matt;430788;1;10;10;2018_toplab_BASE.pdf
E0-09;Black;Crystal Matt;430789;28;10;30;2018_toplab_BASE.pdf
E17-32;Powder Blue;Crystal Matt;430797;33;10;40;2018_toplab_BASE.pdf
E17-82;Deep Blue;Crystal Matt;431833;59;10;60;2018_toplab_BASE.pdf
E20-12;Aquamarine;Crystal Matt;430799;163;10;170;2018_toplab_BASE.pdf
S0-00;Speckle White;Crystal Matt;430790;3;10;10;2018_toplab_BASE.pdf
S0-04;Speckle Mid Grey;Crystal Matt;431832;30;10;30;2018_toplab_BASE.pdf
S17-32;Speckle Powder Blue;Crystal Matt;430803;80;10;80;2018_toplab_BASE.pdf
S17-82;Speckle Deep Blue;Crystal Matt;431834;36;10;40;2018_toplab_BASE.pdf
S25-01;Speckle Icey Blue;Crystal Matt;430802;88;10;90;2018_toplab_BASE.pdf
S3-01;Speckle Sand;Crystal Matt;430792;52;10;60;2018_toplab_BASE.pdf
W14;French Walnut;Crystal Matt;431830;4;10;10;2018_toplab_BASE.pdf
W20;Bleached Pine;Crystal Matt;431829;3;10;10;2018_toplab_BASE.pdf
W27;Denver Oak;Crystal Matt;431828;14;10;20;2018_toplab_BASE.pdf
T18.0.1;Mystic White;Crystal Matt;400939;37;11;40;2018_toplab_PLUS.pdf
T70.0.0;Slate Grey - black core;Crystal Matt;430744;43;11;50;2018_toplab_PLUS.pdf
T70.0.0;Slate Grey - grey core;Crystal Matt;431351;84;11;90;2018_toplab_PLUS.pdf
K03.0.0;White;Satin;430807;32;12;40;2018_toplab_VERTIKAL.pdf
K03.4.0;Silver Grey;Satin;430809;14;12;20;2018_toplab_VERTIKAL.pdf
K10.1.8;Red Orange;Satin;431826;137;12;140;2018_toplab_VERTIKAL.pdf
K10.4.5;Sienna Brown;Satin;431825;80;12;80;2018_toplab_VERTIKAL.pdf
K21.5.4;Cobalt Blue;Satin;431822;17;12;20;2018_toplab_VERTIKAL.pdf
K22.2.4;Powder blue;Satin;431821;140;12;140;2018_toplab_VERTIKAL.pdf
K37.0.8;Lime Green;Satin;431823;145;12;150;2018_toplab_VERTIKAL.pdf
K90.0.0;Black;Satin;430811;46;12;50;2018_toplab_VERTIKAL.pdf
