beeld1;pdf1;;;;
A03.0.0: 5 etiketten;leeg.pdf;A26.5.4: 5 etiketten;leeg.pdf;M21.8.1: 5 etiketten;leeg.pdf
;201942513_meteon_outline_1.pdf;;201942513_meteon_outline_96.pdf;;201942513_meteon_outline_191.pdf
;201942513_meteon_outline_1.pdf;;201942513_meteon_outline_96.pdf;;201942513_meteon_outline_191.pdf
;201942513_meteon_outline_1.pdf;;201942513_meteon_outline_96.pdf;;201942513_meteon_outline_191.pdf
;201942513_meteon_outline_1.pdf;;201942513_meteon_outline_96.pdf;;201942513_meteon_outline_191.pdf
;201942513_meteon_outline_1.pdf;;201942513_meteon_outline_96.pdf;;201942513_meteon_outline_191.pdf
A03.0.0: 5 etiketten;leeg.pdf;A26.5.4: 5 etiketten;leeg.pdf;M21.8.1: 5 etiketten;leeg.pdf
;stans.pdf;;stans.pdf;;stans.pdf
A03.0.0: 5 etiketten;leeg.pdf;A28.2.1: 5 etiketten;leeg.pdf;M21.8.1: 5 etiketten;leeg.pdf
;201942513_meteon_outline_2.pdf;;201942513_meteon_outline_97.pdf;;201942513_meteon_outline_192.pdf
;201942513_meteon_outline_2.pdf;;201942513_meteon_outline_97.pdf;;201942513_meteon_outline_192.pdf
;201942513_meteon_outline_2.pdf;;201942513_meteon_outline_97.pdf;;201942513_meteon_outline_192.pdf
;201942513_meteon_outline_2.pdf;;201942513_meteon_outline_97.pdf;;201942513_meteon_outline_192.pdf
;201942513_meteon_outline_2.pdf;;201942513_meteon_outline_97.pdf;;201942513_meteon_outline_192.pdf
A03.0.0: 5 etiketten;leeg.pdf;A28.2.1: 5 etiketten;leeg.pdf;M21.8.1: 5 etiketten;leeg.pdf
;stans.pdf;;stans.pdf;;stans.pdf
A03.1.0: 5 etiketten;leeg.pdf;A28.6.2: 5 etiketten;leeg.pdf;M35.7.1: 5 etiketten;leeg.pdf
;201942513_meteon_outline_3.pdf;;201942513_meteon_outline_98.pdf;;201942513_meteon_outline_193.pdf
;201942513_meteon_outline_3.pdf;;201942513_meteon_outline_98.pdf;;201942513_meteon_outline_193.pdf
;201942513_meteon_outline_3.pdf;;201942513_meteon_outline_98.pdf;;201942513_meteon_outline_193.pdf
;201942513_meteon_outline_3.pdf;;201942513_meteon_outline_98.pdf;;201942513_meteon_outline_193.pdf
;201942513_meteon_outline_3.pdf;;201942513_meteon_outline_98.pdf;;201942513_meteon_outline_193.pdf
A03.1.0: 5 etiketten;leeg.pdf;A28.6.2: 5 etiketten;leeg.pdf;M35.7.1: 5 etiketten;leeg.pdf
;stans.pdf;;stans.pdf;;stans.pdf
A03.4.0: 5 etiketten;leeg.pdf;A28.6.2: 5 etiketten;leeg.pdf;M35.7.1: 5 etiketten;leeg.pdf
;201942513_meteon_outline_4.pdf;;201942513_meteon_outline_99.pdf;;201942513_meteon_outline_194.pdf
;201942513_meteon_outline_4.pdf;;201942513_meteon_outline_99.pdf;;201942513_meteon_outline_194.pdf
;201942513_meteon_outline_4.pdf;;201942513_meteon_outline_99.pdf;;201942513_meteon_outline_194.pdf
;201942513_meteon_outline_4.pdf;;201942513_meteon_outline_99.pdf;;201942513_meteon_outline_194.pdf
;201942513_meteon_outline_4.pdf;;201942513_meteon_outline_99.pdf;;201942513_meteon_outline_194.pdf
A03.4.0: 5 etiketten;leeg.pdf;A28.6.2: 5 etiketten;leeg.pdf;M35.7.1: 5 etiketten;leeg.pdf
;stans.pdf;;stans.pdf;;stans.pdf
A03.4.0: 5 etiketten;leeg.pdf;A28.6.2: 5 etiketten;leeg.pdf;M40.4.3: 5 etiketten;leeg.pdf
;201942513_meteon_outline_5.pdf;;201942513_meteon_outline_100.pdf;;201942513_meteon_outline_195.pdf
;201942513_meteon_outline_5.pdf;;201942513_meteon_outline_100.pdf;;201942513_meteon_outline_195.pdf
;201942513_meteon_outline_5.pdf;;201942513_meteon_outline_100.pdf;;201942513_meteon_outline_195.pdf
;201942513_meteon_outline_5.pdf;;201942513_meteon_outline_100.pdf;;201942513_meteon_outline_195.pdf
;201942513_meteon_outline_5.pdf;;201942513_meteon_outline_100.pdf;;201942513_meteon_outline_195.pdf
A03.4.0: 5 etiketten;leeg.pdf;A28.6.2: 5 etiketten;leeg.pdf;M40.4.3: 5 etiketten;leeg.pdf
;stans.pdf;;stans.pdf;;stans.pdf
A04.0.0: 5 etiketten;leeg.pdf;A30.3.2: 5 etiketten;leeg.pdf;M40.4.3: 5 etiketten;leeg.pdf
;201942513_meteon_outline_6.pdf;;201942513_meteon_outline_101.pdf;;201942513_meteon_outline_196.pdf
;201942513_meteon_outline_6.pdf;;201942513_meteon_outline_101.pdf;;201942513_meteon_outline_196.pdf
;201942513_meteon_outline_6.pdf;;201942513_meteon_outline_101.pdf;;201942513_meteon_outline_196.pdf
;201942513_meteon_outline_6.pdf;;201942513_meteon_outline_101.pdf;;201942513_meteon_outline_196.pdf
;201942513_meteon_outline_6.pdf;;201942513_meteon_outline_101.pdf;;201942513_meteon_outline_196.pdf
A04.0.0: 5 etiketten;leeg.pdf;A30.3.2: 5 etiketten;leeg.pdf;M40.4.3: 5 etiketten;leeg.pdf
;stans.pdf;;stans.pdf;;stans.pdf
A04.0.0: 5 etiketten;leeg.pdf;A32.2.1: 5 etiketten;leeg.pdf;M40.4.3: 5 etiketten;leeg.pdf
;201942513_meteon_outline_7.pdf;;201942513_meteon_outline_102.pdf;;201942513_meteon_outline_197.pdf
;201942513_meteon_outline_7.pdf;;201942513_meteon_outline_102.pdf;;201942513_meteon_outline_197.pdf
;201942513_meteon_outline_7.pdf;;201942513_meteon_outline_102.pdf;;201942513_meteon_outline_197.pdf
;201942513_meteon_outline_7.pdf;;201942513_meteon_outline_102.pdf;;201942513_meteon_outline_197.pdf
;201942513_meteon_outline_7.pdf;;201942513_meteon_outline_102.pdf;;201942513_meteon_outline_197.pdf
A04.0.0: 5 etiketten;leeg.pdf;A32.2.1: 5 etiketten;leeg.pdf;M40.4.3: 5 etiketten;leeg.pdf
;stans.pdf;;stans.pdf;;stans.pdf
A04.0.1: 5 etiketten;leeg.pdf;A32.2.1: 5 etiketten;leeg.pdf;M53.0.1: 5 etiketten;leeg.pdf
;201942513_meteon_outline_8.pdf;;201942513_meteon_outline_103.pdf;;201942513_meteon_outline_198.pdf
;201942513_meteon_outline_8.pdf;;201942513_meteon_outline_103.pdf;;201942513_meteon_outline_198.pdf
;201942513_meteon_outline_8.pdf;;201942513_meteon_outline_103.pdf;;201942513_meteon_outline_198.pdf
;201942513_meteon_outline_8.pdf;;201942513_meteon_outline_103.pdf;;201942513_meteon_outline_198.pdf
;201942513_meteon_outline_8.pdf;;201942513_meteon_outline_103.pdf;;201942513_meteon_outline_198.pdf
A04.0.1: 5 etiketten;leeg.pdf;A32.2.1: 5 etiketten;leeg.pdf;M53.0.1: 5 etiketten;leeg.pdf
;stans.pdf;;stans.pdf;;stans.pdf
A04.0.1: 5 etiketten;leeg.pdf;A32.7.2: 5 etiketten;leeg.pdf;M53.0.1: 5 etiketten;leeg.pdf
;201942513_meteon_outline_9.pdf;;201942513_meteon_outline_104.pdf;;201942513_meteon_outline_199.pdf
;201942513_meteon_outline_9.pdf;;201942513_meteon_outline_104.pdf;;201942513_meteon_outline_199.pdf
;201942513_meteon_outline_9.pdf;;201942513_meteon_outline_104.pdf;;201942513_meteon_outline_199.pdf
;201942513_meteon_outline_9.pdf;;201942513_meteon_outline_104.pdf;;201942513_meteon_outline_199.pdf
;201942513_meteon_outline_9.pdf;;201942513_meteon_outline_104.pdf;;201942513_meteon_outline_199.pdf
A04.0.1: 5 etiketten;leeg.pdf;A32.7.2: 5 etiketten;leeg.pdf;M53.0.1: 5 etiketten;leeg.pdf
;stans.pdf;;stans.pdf;;stans.pdf
A04.0.1: 5 etiketten;leeg.pdf;A32.7.2: 5 etiketten;leeg.pdf;M53.0.2: 5 etiketten;leeg.pdf
;201942513_meteon_outline_10.pdf;;201942513_meteon_outline_105.pdf;;201942513_meteon_outline_200.pdf
;201942513_meteon_outline_10.pdf;;201942513_meteon_outline_105.pdf;;201942513_meteon_outline_200.pdf
;201942513_meteon_outline_10.pdf;;201942513_meteon_outline_105.pdf;;201942513_meteon_outline_200.pdf
;201942513_meteon_outline_10.pdf;;201942513_meteon_outline_105.pdf;;201942513_meteon_outline_200.pdf
;201942513_meteon_outline_10.pdf;;201942513_meteon_outline_105.pdf;;201942513_meteon_outline_200.pdf
A04.0.1: 5 etiketten;leeg.pdf;A32.7.2: 5 etiketten;leeg.pdf;M53.0.2: 5 etiketten;leeg.pdf
;stans.pdf;;stans.pdf;;stans.pdf
A04.0.2: 5 etiketten;leeg.pdf;A34.8.1: 5 etiketten;leeg.pdf;M53.0.2: 5 etiketten;leeg.pdf
;201942513_meteon_outline_11.pdf;;201942513_meteon_outline_106.pdf;;201942513_meteon_outline_201.pdf
;201942513_meteon_outline_11.pdf;;201942513_meteon_outline_106.pdf;;201942513_meteon_outline_201.pdf
;201942513_meteon_outline_11.pdf;;201942513_meteon_outline_106.pdf;;201942513_meteon_outline_201.pdf
;201942513_meteon_outline_11.pdf;;201942513_meteon_outline_106.pdf;;201942513_meteon_outline_201.pdf
;201942513_meteon_outline_11.pdf;;201942513_meteon_outline_106.pdf;;201942513_meteon_outline_201.pdf
A04.0.2: 5 etiketten;leeg.pdf;A34.8.1: 5 etiketten;leeg.pdf;M53.0.2: 5 etiketten;leeg.pdf
;stans.pdf;;stans.pdf;;stans.pdf
A04.0.2: 5 etiketten;leeg.pdf;A34.8.1: 5 etiketten;leeg.pdf;C08.03: 5 etiketten;leeg.pdf
;201942513_meteon_outline_12.pdf;;201942513_meteon_outline_107.pdf;;201942513_meteon_outline_202.pdf
;201942513_meteon_outline_12.pdf;;201942513_meteon_outline_107.pdf;;201942513_meteon_outline_202.pdf
;201942513_meteon_outline_12.pdf;;201942513_meteon_outline_107.pdf;;201942513_meteon_outline_202.pdf
;201942513_meteon_outline_12.pdf;;201942513_meteon_outline_107.pdf;;201942513_meteon_outline_202.pdf
;201942513_meteon_outline_12.pdf;;201942513_meteon_outline_107.pdf;;201942513_meteon_outline_202.pdf
A04.0.2: 5 etiketten;leeg.pdf;A34.8.1: 5 etiketten;leeg.pdf;C08.03: 5 etiketten;leeg.pdf
;stans.pdf;;stans.pdf;;stans.pdf
A04.0.5: 5 etiketten;leeg.pdf;A35.4.0: 5 etiketten;leeg.pdf;C08.25: 5 etiketten;leeg.pdf
;201942513_meteon_outline_13.pdf;;201942513_meteon_outline_108.pdf;;201942513_meteon_outline_203.pdf
;201942513_meteon_outline_13.pdf;;201942513_meteon_outline_108.pdf;;201942513_meteon_outline_203.pdf
;201942513_meteon_outline_13.pdf;;201942513_meteon_outline_108.pdf;;201942513_meteon_outline_203.pdf
;201942513_meteon_outline_13.pdf;;201942513_meteon_outline_108.pdf;;201942513_meteon_outline_203.pdf
;201942513_meteon_outline_13.pdf;;201942513_meteon_outline_108.pdf;;201942513_meteon_outline_203.pdf
A04.0.5: 5 etiketten;leeg.pdf;A35.4.0: 5 etiketten;leeg.pdf;C08.25: 5 etiketten;leeg.pdf
;stans.pdf;;stans.pdf;;stans.pdf
A04.0.5: 5 etiketten;leeg.pdf;A35.4.0: 5 etiketten;leeg.pdf;CM05.21: 5 etiketten;leeg.pdf
;201942513_meteon_outline_14.pdf;;201942513_meteon_outline_109.pdf;;201942513_meteon_outline_204.pdf
;201942513_meteon_outline_14.pdf;;201942513_meteon_outline_109.pdf;;201942513_meteon_outline_204.pdf
;201942513_meteon_outline_14.pdf;;201942513_meteon_outline_109.pdf;;201942513_meteon_outline_204.pdf
;201942513_meteon_outline_14.pdf;;201942513_meteon_outline_109.pdf;;201942513_meteon_outline_204.pdf
;201942513_meteon_outline_14.pdf;;201942513_meteon_outline_109.pdf;;201942513_meteon_outline_204.pdf
A04.0.5: 5 etiketten;leeg.pdf;A35.4.0: 5 etiketten;leeg.pdf;CM05.21: 5 etiketten;leeg.pdf
;stans.pdf;;stans.pdf;;stans.pdf
A04.1.7: 5 etiketten;leeg.pdf;A37.0.8: 5 etiketten;leeg.pdf;CM05.21: 5 etiketten;leeg.pdf
;201942513_meteon_outline_15.pdf;;201942513_meteon_outline_110.pdf;;201942513_meteon_outline_205.pdf
;201942513_meteon_outline_15.pdf;;201942513_meteon_outline_110.pdf;;201942513_meteon_outline_205.pdf
;201942513_meteon_outline_15.pdf;;201942513_meteon_outline_110.pdf;;201942513_meteon_outline_205.pdf
;201942513_meteon_outline_15.pdf;;201942513_meteon_outline_110.pdf;;201942513_meteon_outline_205.pdf
;201942513_meteon_outline_15.pdf;;201942513_meteon_outline_110.pdf;;201942513_meteon_outline_205.pdf
A04.1.7: 5 etiketten;leeg.pdf;A37.0.8: 5 etiketten;leeg.pdf;CM05.21: 5 etiketten;leeg.pdf
;stans.pdf;;stans.pdf;;stans.pdf
A04.1.7: 5 etiketten;leeg.pdf;A37.0.8: 5 etiketten;leeg.pdf;CM05.25: 5 etiketten;leeg.pdf
;201942513_meteon_outline_16.pdf;;201942513_meteon_outline_111.pdf;;201942513_meteon_outline_206.pdf
;201942513_meteon_outline_16.pdf;;201942513_meteon_outline_111.pdf;;201942513_meteon_outline_206.pdf
;201942513_meteon_outline_16.pdf;;201942513_meteon_outline_111.pdf;;201942513_meteon_outline_206.pdf
;201942513_meteon_outline_16.pdf;;201942513_meteon_outline_111.pdf;;201942513_meteon_outline_206.pdf
;201942513_meteon_outline_16.pdf;;201942513_meteon_outline_111.pdf;;201942513_meteon_outline_206.pdf
A04.1.7: 5 etiketten;leeg.pdf;A37.0.8: 5 etiketten;leeg.pdf;CM05.25: 5 etiketten;leeg.pdf
;stans.pdf;;stans.pdf;;stans.pdf
A05.0.0: 5 etiketten;leeg.pdf;A37.2.3: 5 etiketten;leeg.pdf;CM09.03: 5 etiketten;leeg.pdf
;201942513_meteon_outline_17.pdf;;201942513_meteon_outline_112.pdf;;201942513_meteon_outline_207.pdf
;201942513_meteon_outline_17.pdf;;201942513_meteon_outline_112.pdf;;201942513_meteon_outline_207.pdf
;201942513_meteon_outline_17.pdf;;201942513_meteon_outline_112.pdf;;201942513_meteon_outline_207.pdf
;201942513_meteon_outline_17.pdf;;201942513_meteon_outline_112.pdf;;201942513_meteon_outline_207.pdf
;201942513_meteon_outline_17.pdf;;201942513_meteon_outline_112.pdf;;201942513_meteon_outline_207.pdf
A05.0.0: 5 etiketten;leeg.pdf;A37.2.3: 5 etiketten;leeg.pdf;CM09.03: 5 etiketten;leeg.pdf
;stans.pdf;;stans.pdf;;stans.pdf
A05.1.0: 5 etiketten;leeg.pdf;A37.2.3: 5 etiketten;leeg.pdf;CM09.51: 5 etiketten;leeg.pdf
;201942513_meteon_outline_18.pdf;;201942513_meteon_outline_113.pdf;;201942513_meteon_outline_208.pdf
;201942513_meteon_outline_18.pdf;;201942513_meteon_outline_113.pdf;;201942513_meteon_outline_208.pdf
;201942513_meteon_outline_18.pdf;;201942513_meteon_outline_113.pdf;;201942513_meteon_outline_208.pdf
;201942513_meteon_outline_18.pdf;;201942513_meteon_outline_113.pdf;;201942513_meteon_outline_208.pdf
;201942513_meteon_outline_18.pdf;;201942513_meteon_outline_113.pdf;;201942513_meteon_outline_208.pdf
A05.1.0: 5 etiketten;leeg.pdf;A37.2.3: 5 etiketten;leeg.pdf;CM09.51: 5 etiketten;leeg.pdf
;stans.pdf;;stans.pdf;;stans.pdf
A05.1.0: 5 etiketten;leeg.pdf;A41.0.6: 5 etiketten;leeg.pdf;CM09.51: 5 etiketten;leeg.pdf
;201942513_meteon_outline_19.pdf;;201942513_meteon_outline_114.pdf;;201942513_meteon_outline_209.pdf
;201942513_meteon_outline_19.pdf;;201942513_meteon_outline_114.pdf;;201942513_meteon_outline_209.pdf
;201942513_meteon_outline_19.pdf;;201942513_meteon_outline_114.pdf;;201942513_meteon_outline_209.pdf
;201942513_meteon_outline_19.pdf;;201942513_meteon_outline_114.pdf;;201942513_meteon_outline_209.pdf
;201942513_meteon_outline_19.pdf;;201942513_meteon_outline_114.pdf;;201942513_meteon_outline_209.pdf
A05.1.0: 5 etiketten;leeg.pdf;A41.0.6: 5 etiketten;leeg.pdf;CM09.51: 5 etiketten;leeg.pdf
;stans.pdf;;stans.pdf;;stans.pdf
A05.1.0: 5 etiketten;leeg.pdf;A41.0.6: 5 etiketten;leeg.pdf;L0500: 5 etiketten;leeg.pdf
;201942513_meteon_outline_20.pdf;;201942513_meteon_outline_115.pdf;;201942513_meteon_outline_210.pdf
;201942513_meteon_outline_20.pdf;;201942513_meteon_outline_115.pdf;;201942513_meteon_outline_210.pdf
;201942513_meteon_outline_20.pdf;;201942513_meteon_outline_115.pdf;;201942513_meteon_outline_210.pdf
;201942513_meteon_outline_20.pdf;;201942513_meteon_outline_115.pdf;;201942513_meteon_outline_210.pdf
;201942513_meteon_outline_20.pdf;;201942513_meteon_outline_115.pdf;;201942513_meteon_outline_210.pdf
A05.1.0: 5 etiketten;leeg.pdf;A41.0.6: 5 etiketten;leeg.pdf;L0500: 5 etiketten;leeg.pdf
;stans.pdf;;stans.pdf;;stans.pdf
A05.1.1: 5 etiketten;leeg.pdf;A41.0.6: 5 etiketten;leeg.pdf;L0500: 5 etiketten;leeg.pdf
;201942513_meteon_outline_21.pdf;;201942513_meteon_outline_116.pdf;;201942513_meteon_outline_211.pdf
;201942513_meteon_outline_21.pdf;;201942513_meteon_outline_116.pdf;;201942513_meteon_outline_211.pdf
;201942513_meteon_outline_21.pdf;;201942513_meteon_outline_116.pdf;;201942513_meteon_outline_211.pdf
;201942513_meteon_outline_21.pdf;;201942513_meteon_outline_116.pdf;;201942513_meteon_outline_211.pdf
;201942513_meteon_outline_21.pdf;;201942513_meteon_outline_116.pdf;;201942513_meteon_outline_211.pdf
A05.1.1: 5 etiketten;leeg.pdf;A41.0.6: 5 etiketten;leeg.pdf;L0500: 5 etiketten;leeg.pdf
;stans.pdf;;stans.pdf;;stans.pdf
A05.1.1: 5 etiketten;leeg.pdf;A90.0.0: 5 etiketten;leeg.pdf;L0500: 5 etiketten;leeg.pdf
;201942513_meteon_outline_22.pdf;;201942513_meteon_outline_117.pdf;;201942513_meteon_outline_212.pdf
;201942513_meteon_outline_22.pdf;;201942513_meteon_outline_117.pdf;;201942513_meteon_outline_212.pdf
;201942513_meteon_outline_22.pdf;;201942513_meteon_outline_117.pdf;;201942513_meteon_outline_212.pdf
;201942513_meteon_outline_22.pdf;;201942513_meteon_outline_117.pdf;;201942513_meteon_outline_212.pdf
;201942513_meteon_outline_22.pdf;;201942513_meteon_outline_117.pdf;;201942513_meteon_outline_212.pdf
A05.1.1: 5 etiketten;leeg.pdf;A90.0.0: 5 etiketten;leeg.pdf;L0500: 5 etiketten;leeg.pdf
;stans.pdf;;stans.pdf;;stans.pdf
A05.1.2: 5 etiketten;leeg.pdf;NW04: 5 etiketten;leeg.pdf;L0500: 5 etiketten;leeg.pdf
;201942513_meteon_outline_23.pdf;;201942513_meteon_outline_118.pdf;;201942513_meteon_outline_213.pdf
;201942513_meteon_outline_23.pdf;;201942513_meteon_outline_118.pdf;;201942513_meteon_outline_213.pdf
;201942513_meteon_outline_23.pdf;;201942513_meteon_outline_118.pdf;;201942513_meteon_outline_213.pdf
;201942513_meteon_outline_23.pdf;;201942513_meteon_outline_118.pdf;;201942513_meteon_outline_213.pdf
;201942513_meteon_outline_23.pdf;;201942513_meteon_outline_118.pdf;;201942513_meteon_outline_213.pdf
A05.1.2: 5 etiketten;leeg.pdf;NW04: 5 etiketten;leeg.pdf;L0500: 5 etiketten;leeg.pdf
;stans.pdf;;stans.pdf;;stans.pdf
A05.1.2: 5 etiketten;leeg.pdf;NW04: 5 etiketten;leeg.pdf;L0651: 5 etiketten;leeg.pdf
;201942513_meteon_outline_24.pdf;;201942513_meteon_outline_119.pdf;;201942513_meteon_outline_214.pdf
;201942513_meteon_outline_24.pdf;;201942513_meteon_outline_119.pdf;;201942513_meteon_outline_214.pdf
;201942513_meteon_outline_24.pdf;;201942513_meteon_outline_119.pdf;;201942513_meteon_outline_214.pdf
;201942513_meteon_outline_24.pdf;;201942513_meteon_outline_119.pdf;;201942513_meteon_outline_214.pdf
;201942513_meteon_outline_24.pdf;;201942513_meteon_outline_119.pdf;;201942513_meteon_outline_214.pdf
A05.1.2: 5 etiketten;leeg.pdf;NW04: 5 etiketten;leeg.pdf;L0651: 5 etiketten;leeg.pdf
;stans.pdf;;stans.pdf;;stans.pdf
A05.1.2: 5 etiketten;leeg.pdf;NW05: 5 etiketten;leeg.pdf;L0651: 5 etiketten;leeg.pdf
;201942513_meteon_outline_25.pdf;;201942513_meteon_outline_120.pdf;;201942513_meteon_outline_215.pdf
;201942513_meteon_outline_25.pdf;;201942513_meteon_outline_120.pdf;;201942513_meteon_outline_215.pdf
;201942513_meteon_outline_25.pdf;;201942513_meteon_outline_120.pdf;;201942513_meteon_outline_215.pdf
;201942513_meteon_outline_25.pdf;;201942513_meteon_outline_120.pdf;;201942513_meteon_outline_215.pdf
;201942513_meteon_outline_25.pdf;;201942513_meteon_outline_120.pdf;;201942513_meteon_outline_215.pdf
A05.1.2: 5 etiketten;leeg.pdf;NW05: 5 etiketten;leeg.pdf;L0651: 5 etiketten;leeg.pdf
;stans.pdf;;stans.pdf;;stans.pdf
A05.1.4: 5 etiketten;leeg.pdf;NW06: 5 etiketten;leeg.pdf;L0651: 5 etiketten;leeg.pdf
;201942513_meteon_outline_26.pdf;;201942513_meteon_outline_121.pdf;;201942513_meteon_outline_216.pdf
;201942513_meteon_outline_26.pdf;;201942513_meteon_outline_121.pdf;;201942513_meteon_outline_216.pdf
;201942513_meteon_outline_26.pdf;;201942513_meteon_outline_121.pdf;;201942513_meteon_outline_216.pdf
;201942513_meteon_outline_26.pdf;;201942513_meteon_outline_121.pdf;;201942513_meteon_outline_216.pdf
;201942513_meteon_outline_26.pdf;;201942513_meteon_outline_121.pdf;;201942513_meteon_outline_216.pdf
A05.1.4: 5 etiketten;leeg.pdf;NW06: 5 etiketten;leeg.pdf;L0651: 5 etiketten;leeg.pdf
;stans.pdf;;stans.pdf;;stans.pdf
A05.5.0: 5 etiketten;leeg.pdf;NW07: 5 etiketten;leeg.pdf;L0651: 5 etiketten;leeg.pdf
;201942513_meteon_outline_27.pdf;;201942513_meteon_outline_122.pdf;;201942513_meteon_outline_217.pdf
;201942513_meteon_outline_27.pdf;;201942513_meteon_outline_122.pdf;;201942513_meteon_outline_217.pdf
;201942513_meteon_outline_27.pdf;;201942513_meteon_outline_122.pdf;;201942513_meteon_outline_217.pdf
;201942513_meteon_outline_27.pdf;;201942513_meteon_outline_122.pdf;;201942513_meteon_outline_217.pdf
;201942513_meteon_outline_27.pdf;;201942513_meteon_outline_122.pdf;;201942513_meteon_outline_217.pdf
A05.5.0: 5 etiketten;leeg.pdf;NW07: 5 etiketten;leeg.pdf;L0651: 5 etiketten;leeg.pdf
;stans.pdf;;stans.pdf;;stans.pdf
A06.3.5: 5 etiketten;leeg.pdf;NW08: 5 etiketten;leeg.pdf;L0651: 5 etiketten;leeg.pdf
;201942513_meteon_outline_28.pdf;;201942513_meteon_outline_123.pdf;;201942513_meteon_outline_218.pdf
;201942513_meteon_outline_28.pdf;;201942513_meteon_outline_123.pdf;;201942513_meteon_outline_218.pdf
;201942513_meteon_outline_28.pdf;;201942513_meteon_outline_123.pdf;;201942513_meteon_outline_218.pdf
;201942513_meteon_outline_28.pdf;;201942513_meteon_outline_123.pdf;;201942513_meteon_outline_218.pdf
;201942513_meteon_outline_28.pdf;;201942513_meteon_outline_123.pdf;;201942513_meteon_outline_218.pdf
A06.3.5: 5 etiketten;leeg.pdf;NW08: 5 etiketten;leeg.pdf;L0651: 5 etiketten;leeg.pdf
;stans.pdf;;stans.pdf;;stans.pdf
A06.3.5: 5 etiketten;leeg.pdf;NW09: 5 etiketten;leeg.pdf;L0651: 5 etiketten;leeg.pdf
;201942513_meteon_outline_29.pdf;;201942513_meteon_outline_124.pdf;;201942513_meteon_outline_219.pdf
;201942513_meteon_outline_29.pdf;;201942513_meteon_outline_124.pdf;;201942513_meteon_outline_219.pdf
;201942513_meteon_outline_29.pdf;;201942513_meteon_outline_124.pdf;;201942513_meteon_outline_219.pdf
;201942513_meteon_outline_29.pdf;;201942513_meteon_outline_124.pdf;;201942513_meteon_outline_219.pdf
;201942513_meteon_outline_29.pdf;;201942513_meteon_outline_124.pdf;;201942513_meteon_outline_219.pdf
A06.3.5: 5 etiketten;leeg.pdf;NW09: 5 etiketten;leeg.pdf;L0651: 5 etiketten;leeg.pdf
;stans.pdf;;stans.pdf;;stans.pdf
A06.5.1: 5 etiketten;leeg.pdf;NW09: 5 etiketten;leeg.pdf;L0964: 5 etiketten;leeg.pdf
;201942513_meteon_outline_30.pdf;;201942513_meteon_outline_125.pdf;;201942513_meteon_outline_220.pdf
;201942513_meteon_outline_30.pdf;;201942513_meteon_outline_125.pdf;;201942513_meteon_outline_220.pdf
;201942513_meteon_outline_30.pdf;;201942513_meteon_outline_125.pdf;;201942513_meteon_outline_220.pdf
;201942513_meteon_outline_30.pdf;;201942513_meteon_outline_125.pdf;;201942513_meteon_outline_220.pdf
;201942513_meteon_outline_30.pdf;;201942513_meteon_outline_125.pdf;;201942513_meteon_outline_220.pdf
A06.5.1: 5 etiketten;leeg.pdf;NW09: 5 etiketten;leeg.pdf;L0964: 5 etiketten;leeg.pdf
;stans.pdf;;stans.pdf;;stans.pdf
A06.5.1: 5 etiketten;leeg.pdf;NW11: 5 etiketten;leeg.pdf;L0964: 5 etiketten;leeg.pdf
;201942513_meteon_outline_31.pdf;;201942513_meteon_outline_126.pdf;;201942513_meteon_outline_221.pdf
;201942513_meteon_outline_31.pdf;;201942513_meteon_outline_126.pdf;;201942513_meteon_outline_221.pdf
;201942513_meteon_outline_31.pdf;;201942513_meteon_outline_126.pdf;;201942513_meteon_outline_221.pdf
;201942513_meteon_outline_31.pdf;;201942513_meteon_outline_126.pdf;;201942513_meteon_outline_221.pdf
;201942513_meteon_outline_31.pdf;;201942513_meteon_outline_126.pdf;;201942513_meteon_outline_221.pdf
A06.5.1: 5 etiketten;leeg.pdf;NW11: 5 etiketten;leeg.pdf;L0964: 5 etiketten;leeg.pdf
;stans.pdf;;stans.pdf;;stans.pdf
A06.5.1: 5 etiketten;leeg.pdf;NW12: 5 etiketten;leeg.pdf;L0964: 5 etiketten;leeg.pdf
;201942513_meteon_outline_32.pdf;;201942513_meteon_outline_127.pdf;;201942513_meteon_outline_222.pdf
;201942513_meteon_outline_32.pdf;;201942513_meteon_outline_127.pdf;;201942513_meteon_outline_222.pdf
;201942513_meteon_outline_32.pdf;;201942513_meteon_outline_127.pdf;;201942513_meteon_outline_222.pdf
;201942513_meteon_outline_32.pdf;;201942513_meteon_outline_127.pdf;;201942513_meteon_outline_222.pdf
;201942513_meteon_outline_32.pdf;;201942513_meteon_outline_127.pdf;;201942513_meteon_outline_222.pdf
A06.5.1: 5 etiketten;leeg.pdf;NW12: 5 etiketten;leeg.pdf;L0964: 5 etiketten;leeg.pdf
;stans.pdf;;stans.pdf;;stans.pdf
A06.7.1: 5 etiketten;leeg.pdf;NW13: 5 etiketten;leeg.pdf;L0964: 5 etiketten;leeg.pdf
;201942513_meteon_outline_33.pdf;;201942513_meteon_outline_128.pdf;;201942513_meteon_outline_223.pdf
;201942513_meteon_outline_33.pdf;;201942513_meteon_outline_128.pdf;;201942513_meteon_outline_223.pdf
;201942513_meteon_outline_33.pdf;;201942513_meteon_outline_128.pdf;;201942513_meteon_outline_223.pdf
;201942513_meteon_outline_33.pdf;;201942513_meteon_outline_128.pdf;;201942513_meteon_outline_223.pdf
;201942513_meteon_outline_33.pdf;;201942513_meteon_outline_128.pdf;;201942513_meteon_outline_223.pdf
A06.7.1: 5 etiketten;leeg.pdf;NW13: 5 etiketten;leeg.pdf;L0964: 5 etiketten;leeg.pdf
;stans.pdf;;stans.pdf;;stans.pdf
A06.7.1: 5 etiketten;leeg.pdf;NW13: 5 etiketten;leeg.pdf;L2151: 5 etiketten;leeg.pdf
;201942513_meteon_outline_34.pdf;;201942513_meteon_outline_129.pdf;;201942513_meteon_outline_224.pdf
;201942513_meteon_outline_34.pdf;;201942513_meteon_outline_129.pdf;;201942513_meteon_outline_224.pdf
;201942513_meteon_outline_34.pdf;;201942513_meteon_outline_129.pdf;;201942513_meteon_outline_224.pdf
;201942513_meteon_outline_34.pdf;;201942513_meteon_outline_129.pdf;;201942513_meteon_outline_224.pdf
;201942513_meteon_outline_34.pdf;;201942513_meteon_outline_129.pdf;;201942513_meteon_outline_224.pdf
A06.7.1: 5 etiketten;leeg.pdf;NW13: 5 etiketten;leeg.pdf;L2151: 5 etiketten;leeg.pdf
;stans.pdf;;stans.pdf;;stans.pdf
A07.1.1: 5 etiketten;leeg.pdf;NW14: 5 etiketten;leeg.pdf;L2151: 5 etiketten;leeg.pdf
;201942513_meteon_outline_35.pdf;;201942513_meteon_outline_130.pdf;;201942513_meteon_outline_225.pdf
;201942513_meteon_outline_35.pdf;;201942513_meteon_outline_130.pdf;;201942513_meteon_outline_225.pdf
;201942513_meteon_outline_35.pdf;;201942513_meteon_outline_130.pdf;;201942513_meteon_outline_225.pdf
;201942513_meteon_outline_35.pdf;;201942513_meteon_outline_130.pdf;;201942513_meteon_outline_225.pdf
;201942513_meteon_outline_35.pdf;;201942513_meteon_outline_130.pdf;;201942513_meteon_outline_225.pdf
A07.1.1: 5 etiketten;leeg.pdf;NW14: 5 etiketten;leeg.pdf;L2151: 5 etiketten;leeg.pdf
;stans.pdf;;stans.pdf;;stans.pdf
A07.1.1: 5 etiketten;leeg.pdf;NW15: 5 etiketten;leeg.pdf;L2151: 5 etiketten;leeg.pdf
;201942513_meteon_outline_36.pdf;;201942513_meteon_outline_131.pdf;;201942513_meteon_outline_226.pdf
;201942513_meteon_outline_36.pdf;;201942513_meteon_outline_131.pdf;;201942513_meteon_outline_226.pdf
;201942513_meteon_outline_36.pdf;;201942513_meteon_outline_131.pdf;;201942513_meteon_outline_226.pdf
;201942513_meteon_outline_36.pdf;;201942513_meteon_outline_131.pdf;;201942513_meteon_outline_226.pdf
;201942513_meteon_outline_36.pdf;;201942513_meteon_outline_131.pdf;;201942513_meteon_outline_226.pdf
A07.1.1: 5 etiketten;leeg.pdf;NW15: 5 etiketten;leeg.pdf;L2151: 5 etiketten;leeg.pdf
;stans.pdf;;stans.pdf;;stans.pdf
A07.1.1: 5 etiketten;leeg.pdf;NW16: 5 etiketten;leeg.pdf;L2151: 5 etiketten;leeg.pdf
;201942513_meteon_outline_37.pdf;;201942513_meteon_outline_132.pdf;;201942513_meteon_outline_227.pdf
;201942513_meteon_outline_37.pdf;;201942513_meteon_outline_132.pdf;;201942513_meteon_outline_227.pdf
;201942513_meteon_outline_37.pdf;;201942513_meteon_outline_132.pdf;;201942513_meteon_outline_227.pdf
;201942513_meteon_outline_37.pdf;;201942513_meteon_outline_132.pdf;;201942513_meteon_outline_227.pdf
;201942513_meteon_outline_37.pdf;;201942513_meteon_outline_132.pdf;;201942513_meteon_outline_227.pdf
A07.1.1: 5 etiketten;leeg.pdf;NW16: 5 etiketten;leeg.pdf;L2151: 5 etiketten;leeg.pdf
;stans.pdf;;stans.pdf;;stans.pdf
A08.2.1: 5 etiketten;leeg.pdf;NW16: 5 etiketten;leeg.pdf;L2581: 5 etiketten;leeg.pdf
;201942513_meteon_outline_38.pdf;;201942513_meteon_outline_133.pdf;;201942513_meteon_outline_228.pdf
;201942513_meteon_outline_38.pdf;;201942513_meteon_outline_133.pdf;;201942513_meteon_outline_228.pdf
;201942513_meteon_outline_38.pdf;;201942513_meteon_outline_133.pdf;;201942513_meteon_outline_228.pdf
;201942513_meteon_outline_38.pdf;;201942513_meteon_outline_133.pdf;;201942513_meteon_outline_228.pdf
;201942513_meteon_outline_38.pdf;;201942513_meteon_outline_133.pdf;;201942513_meteon_outline_228.pdf
A08.2.1: 5 etiketten;leeg.pdf;NW16: 5 etiketten;leeg.pdf;L2581: 5 etiketten;leeg.pdf
;stans.pdf;;stans.pdf;;stans.pdf
A08.2.1: 5 etiketten;leeg.pdf;NW17: 5 etiketten;leeg.pdf;L2581: 5 etiketten;leeg.pdf
;201942513_meteon_outline_39.pdf;;201942513_meteon_outline_134.pdf;;201942513_meteon_outline_229.pdf
;201942513_meteon_outline_39.pdf;;201942513_meteon_outline_134.pdf;;201942513_meteon_outline_229.pdf
;201942513_meteon_outline_39.pdf;;201942513_meteon_outline_134.pdf;;201942513_meteon_outline_229.pdf
;201942513_meteon_outline_39.pdf;;201942513_meteon_outline_134.pdf;;201942513_meteon_outline_229.pdf
;201942513_meteon_outline_39.pdf;;201942513_meteon_outline_134.pdf;;201942513_meteon_outline_229.pdf
A08.2.1: 5 etiketten;leeg.pdf;NW17: 5 etiketten;leeg.pdf;L2581: 5 etiketten;leeg.pdf
;stans.pdf;;stans.pdf;;stans.pdf
A08.2.3: 5 etiketten;leeg.pdf;NW17: 5 etiketten;leeg.pdf;L9000: 5 etiketten;leeg.pdf
;201942513_meteon_outline_40.pdf;;201942513_meteon_outline_135.pdf;;201942513_meteon_outline_230.pdf
;201942513_meteon_outline_40.pdf;;201942513_meteon_outline_135.pdf;;201942513_meteon_outline_230.pdf
;201942513_meteon_outline_40.pdf;;201942513_meteon_outline_135.pdf;;201942513_meteon_outline_230.pdf
;201942513_meteon_outline_40.pdf;;201942513_meteon_outline_135.pdf;;201942513_meteon_outline_230.pdf
;201942513_meteon_outline_40.pdf;;201942513_meteon_outline_135.pdf;;201942513_meteon_outline_230.pdf
A08.2.3: 5 etiketten;leeg.pdf;NW17: 5 etiketten;leeg.pdf;L9000: 5 etiketten;leeg.pdf
;stans.pdf;;stans.pdf;;stans.pdf
A08.3.1: 5 etiketten;leeg.pdf;NW19: 5 etiketten;leeg.pdf;L9000: 5 etiketten;leeg.pdf
;201942513_meteon_outline_41.pdf;;201942513_meteon_outline_136.pdf;;201942513_meteon_outline_231.pdf
;201942513_meteon_outline_41.pdf;;201942513_meteon_outline_136.pdf;;201942513_meteon_outline_231.pdf
;201942513_meteon_outline_41.pdf;;201942513_meteon_outline_136.pdf;;201942513_meteon_outline_231.pdf
;201942513_meteon_outline_41.pdf;;201942513_meteon_outline_136.pdf;;201942513_meteon_outline_231.pdf
;201942513_meteon_outline_41.pdf;;201942513_meteon_outline_136.pdf;;201942513_meteon_outline_231.pdf
A08.3.1: 5 etiketten;leeg.pdf;NW19: 5 etiketten;leeg.pdf;L9000: 5 etiketten;leeg.pdf
;stans.pdf;;stans.pdf;;stans.pdf
A08.3.1: 5 etiketten;leeg.pdf;NW22: 5 etiketten;leeg.pdf;LM0561: 5 etiketten;leeg.pdf
;201942513_meteon_outline_42.pdf;;201942513_meteon_outline_137.pdf;;201942513_meteon_outline_232.pdf
;201942513_meteon_outline_42.pdf;;201942513_meteon_outline_137.pdf;;201942513_meteon_outline_232.pdf
;201942513_meteon_outline_42.pdf;;201942513_meteon_outline_137.pdf;;201942513_meteon_outline_232.pdf
;201942513_meteon_outline_42.pdf;;201942513_meteon_outline_137.pdf;;201942513_meteon_outline_232.pdf
;201942513_meteon_outline_42.pdf;;201942513_meteon_outline_137.pdf;;201942513_meteon_outline_232.pdf
A08.3.1: 5 etiketten;leeg.pdf;NW22: 5 etiketten;leeg.pdf;LM0561: 5 etiketten;leeg.pdf
;stans.pdf;;stans.pdf;;stans.pdf
A08.3.1: 5 etiketten;leeg.pdf;NW22: 5 etiketten;leeg.pdf;LM0561: 5 etiketten;leeg.pdf
;201942513_meteon_outline_43.pdf;;201942513_meteon_outline_138.pdf;;201942513_meteon_outline_233.pdf
;201942513_meteon_outline_43.pdf;;201942513_meteon_outline_138.pdf;;201942513_meteon_outline_233.pdf
;201942513_meteon_outline_43.pdf;;201942513_meteon_outline_138.pdf;;201942513_meteon_outline_233.pdf
;201942513_meteon_outline_43.pdf;;201942513_meteon_outline_138.pdf;;201942513_meteon_outline_233.pdf
;201942513_meteon_outline_43.pdf;;201942513_meteon_outline_138.pdf;;201942513_meteon_outline_233.pdf
A08.3.1: 5 etiketten;leeg.pdf;NW22: 5 etiketten;leeg.pdf;LM0561: 5 etiketten;leeg.pdf
;stans.pdf;;stans.pdf;;stans.pdf
A08.4.5: 5 etiketten;leeg.pdf;NW22: 5 etiketten;leeg.pdf;LM0561: 5 etiketten;leeg.pdf
;201942513_meteon_outline_44.pdf;;201942513_meteon_outline_139.pdf;;201942513_meteon_outline_234.pdf
;201942513_meteon_outline_44.pdf;;201942513_meteon_outline_139.pdf;;201942513_meteon_outline_234.pdf
;201942513_meteon_outline_44.pdf;;201942513_meteon_outline_139.pdf;;201942513_meteon_outline_234.pdf
;201942513_meteon_outline_44.pdf;;201942513_meteon_outline_139.pdf;;201942513_meteon_outline_234.pdf
;201942513_meteon_outline_44.pdf;;201942513_meteon_outline_139.pdf;;201942513_meteon_outline_234.pdf
A08.4.5: 5 etiketten;leeg.pdf;NW22: 5 etiketten;leeg.pdf;LM0561: 5 etiketten;leeg.pdf
;stans.pdf;;stans.pdf;;stans.pdf
A08.4.5: 5 etiketten;leeg.pdf;NW22: 5 etiketten;leeg.pdf;LM0561: 5 etiketten;leeg.pdf
;201942513_meteon_outline_45.pdf;;201942513_meteon_outline_140.pdf;;201942513_meteon_outline_235.pdf
;201942513_meteon_outline_45.pdf;;201942513_meteon_outline_140.pdf;;201942513_meteon_outline_235.pdf
;201942513_meteon_outline_45.pdf;;201942513_meteon_outline_140.pdf;;201942513_meteon_outline_235.pdf
;201942513_meteon_outline_45.pdf;;201942513_meteon_outline_140.pdf;;201942513_meteon_outline_235.pdf
;201942513_meteon_outline_45.pdf;;201942513_meteon_outline_140.pdf;;201942513_meteon_outline_235.pdf
A08.4.5: 5 etiketten;leeg.pdf;NW22: 5 etiketten;leeg.pdf;LM0561: 5 etiketten;leeg.pdf
;stans.pdf;;stans.pdf;;stans.pdf
A08.8.1: 5 etiketten;leeg.pdf;NW23: 5 etiketten;leeg.pdf;LM0641: 5 etiketten;leeg.pdf
;201942513_meteon_outline_46.pdf;;201942513_meteon_outline_141.pdf;;201942513_meteon_outline_236.pdf
;201942513_meteon_outline_46.pdf;;201942513_meteon_outline_141.pdf;;201942513_meteon_outline_236.pdf
;201942513_meteon_outline_46.pdf;;201942513_meteon_outline_141.pdf;;201942513_meteon_outline_236.pdf
;201942513_meteon_outline_46.pdf;;201942513_meteon_outline_141.pdf;;201942513_meteon_outline_236.pdf
;201942513_meteon_outline_46.pdf;;201942513_meteon_outline_141.pdf;;201942513_meteon_outline_236.pdf
A08.8.1: 5 etiketten;leeg.pdf;NW23: 5 etiketten;leeg.pdf;LM0641: 5 etiketten;leeg.pdf
;stans.pdf;;stans.pdf;;stans.pdf
A08.8.1: 5 etiketten;leeg.pdf;NW23: 5 etiketten;leeg.pdf;LM0641: 5 etiketten;leeg.pdf
;201942513_meteon_outline_47.pdf;;201942513_meteon_outline_142.pdf;;201942513_meteon_outline_237.pdf
;201942513_meteon_outline_47.pdf;;201942513_meteon_outline_142.pdf;;201942513_meteon_outline_237.pdf
;201942513_meteon_outline_47.pdf;;201942513_meteon_outline_142.pdf;;201942513_meteon_outline_237.pdf
;201942513_meteon_outline_47.pdf;;201942513_meteon_outline_142.pdf;;201942513_meteon_outline_237.pdf
;201942513_meteon_outline_47.pdf;;201942513_meteon_outline_142.pdf;;201942513_meteon_outline_237.pdf
A08.8.1: 5 etiketten;leeg.pdf;NW23: 5 etiketten;leeg.pdf;LM0641: 5 etiketten;leeg.pdf
;stans.pdf;;stans.pdf;;stans.pdf
A09.6.4: 5 etiketten;leeg.pdf;NW23: 5 etiketten;leeg.pdf;LM0641: 5 etiketten;leeg.pdf
;201942513_meteon_outline_48.pdf;;201942513_meteon_outline_143.pdf;;201942513_meteon_outline_238.pdf
;201942513_meteon_outline_48.pdf;;201942513_meteon_outline_143.pdf;;201942513_meteon_outline_238.pdf
;201942513_meteon_outline_48.pdf;;201942513_meteon_outline_143.pdf;;201942513_meteon_outline_238.pdf
;201942513_meteon_outline_48.pdf;;201942513_meteon_outline_143.pdf;;201942513_meteon_outline_238.pdf
;201942513_meteon_outline_48.pdf;;201942513_meteon_outline_143.pdf;;201942513_meteon_outline_238.pdf
A09.6.4: 5 etiketten;leeg.pdf;NW23: 5 etiketten;leeg.pdf;LM0641: 5 etiketten;leeg.pdf
;stans.pdf;;stans.pdf;;stans.pdf
A10.1.8: 5 etiketten;leeg.pdf;NW24: 5 etiketten;leeg.pdf;LM0641: 5 etiketten;leeg.pdf
;201942513_meteon_outline_49.pdf;;201942513_meteon_outline_144.pdf;;201942513_meteon_outline_239.pdf
;201942513_meteon_outline_49.pdf;;201942513_meteon_outline_144.pdf;;201942513_meteon_outline_239.pdf
;201942513_meteon_outline_49.pdf;;201942513_meteon_outline_144.pdf;;201942513_meteon_outline_239.pdf
;201942513_meteon_outline_49.pdf;;201942513_meteon_outline_144.pdf;;201942513_meteon_outline_239.pdf
;201942513_meteon_outline_49.pdf;;201942513_meteon_outline_144.pdf;;201942513_meteon_outline_239.pdf
A10.1.8: 5 etiketten;leeg.pdf;NW24: 5 etiketten;leeg.pdf;LM0641: 5 etiketten;leeg.pdf
;stans.pdf;;stans.pdf;;stans.pdf
A10.3.4: 5 etiketten;leeg.pdf;NW24: 5 etiketten;leeg.pdf;LM0641: 5 etiketten;leeg.pdf
;201942513_meteon_outline_50.pdf;;201942513_meteon_outline_145.pdf;;201942513_meteon_outline_240.pdf
;201942513_meteon_outline_50.pdf;;201942513_meteon_outline_145.pdf;;201942513_meteon_outline_240.pdf
;201942513_meteon_outline_50.pdf;;201942513_meteon_outline_145.pdf;;201942513_meteon_outline_240.pdf
;201942513_meteon_outline_50.pdf;;201942513_meteon_outline_145.pdf;;201942513_meteon_outline_240.pdf
;201942513_meteon_outline_50.pdf;;201942513_meteon_outline_145.pdf;;201942513_meteon_outline_240.pdf
A10.3.4: 5 etiketten;leeg.pdf;NW24: 5 etiketten;leeg.pdf;LM0641: 5 etiketten;leeg.pdf
;stans.pdf;;stans.pdf;;stans.pdf
A10.4.5: 5 etiketten;leeg.pdf;NW25: 5 etiketten;leeg.pdf;LM1055: 5 etiketten;leeg.pdf
;201942513_meteon_outline_51.pdf;;201942513_meteon_outline_146.pdf;;201942513_meteon_outline_241.pdf
;201942513_meteon_outline_51.pdf;;201942513_meteon_outline_146.pdf;;201942513_meteon_outline_241.pdf
;201942513_meteon_outline_51.pdf;;201942513_meteon_outline_146.pdf;;201942513_meteon_outline_241.pdf
;201942513_meteon_outline_51.pdf;;201942513_meteon_outline_146.pdf;;201942513_meteon_outline_241.pdf
;201942513_meteon_outline_51.pdf;;201942513_meteon_outline_146.pdf;;201942513_meteon_outline_241.pdf
A10.4.5: 5 etiketten;leeg.pdf;NW25: 5 etiketten;leeg.pdf;LM1055: 5 etiketten;leeg.pdf
;stans.pdf;;stans.pdf;;stans.pdf
A10.6.1: 5 etiketten;leeg.pdf;NW26: 5 etiketten;leeg.pdf;LM1055: 5 etiketten;leeg.pdf
;201942513_meteon_outline_52.pdf;;201942513_meteon_outline_147.pdf;;201942513_meteon_outline_242.pdf
;201942513_meteon_outline_52.pdf;;201942513_meteon_outline_147.pdf;;201942513_meteon_outline_242.pdf
;201942513_meteon_outline_52.pdf;;201942513_meteon_outline_147.pdf;;201942513_meteon_outline_242.pdf
;201942513_meteon_outline_52.pdf;;201942513_meteon_outline_147.pdf;;201942513_meteon_outline_242.pdf
;201942513_meteon_outline_52.pdf;;201942513_meteon_outline_147.pdf;;201942513_meteon_outline_242.pdf
A10.6.1: 5 etiketten;leeg.pdf;NW26: 5 etiketten;leeg.pdf;LM1055: 5 etiketten;leeg.pdf
;stans.pdf;;stans.pdf;;stans.pdf
A10.6.1: 5 etiketten;leeg.pdf;NW27: 5 etiketten;leeg.pdf;LM1055: 5 etiketten;leeg.pdf
;201942513_meteon_outline_53.pdf;;201942513_meteon_outline_148.pdf;;201942513_meteon_outline_243.pdf
;201942513_meteon_outline_53.pdf;;201942513_meteon_outline_148.pdf;;201942513_meteon_outline_243.pdf
;201942513_meteon_outline_53.pdf;;201942513_meteon_outline_148.pdf;;201942513_meteon_outline_243.pdf
;201942513_meteon_outline_53.pdf;;201942513_meteon_outline_148.pdf;;201942513_meteon_outline_243.pdf
;201942513_meteon_outline_53.pdf;;201942513_meteon_outline_148.pdf;;201942513_meteon_outline_243.pdf
A10.6.1: 5 etiketten;leeg.pdf;NW27: 5 etiketten;leeg.pdf;LM1055: 5 etiketten;leeg.pdf
;stans.pdf;;stans.pdf;;stans.pdf
A11.4.4: 5 etiketten;leeg.pdf;NW27: 5 etiketten;leeg.pdf;LM1055: 5 etiketten;leeg.pdf
;201942513_meteon_outline_54.pdf;;201942513_meteon_outline_149.pdf;;201942513_meteon_outline_244.pdf
;201942513_meteon_outline_54.pdf;;201942513_meteon_outline_149.pdf;;201942513_meteon_outline_244.pdf
;201942513_meteon_outline_54.pdf;;201942513_meteon_outline_149.pdf;;201942513_meteon_outline_244.pdf
;201942513_meteon_outline_54.pdf;;201942513_meteon_outline_149.pdf;;201942513_meteon_outline_244.pdf
;201942513_meteon_outline_54.pdf;;201942513_meteon_outline_149.pdf;;201942513_meteon_outline_244.pdf
A11.4.4: 5 etiketten;leeg.pdf;NW27: 5 etiketten;leeg.pdf;LM1055: 5 etiketten;leeg.pdf
;stans.pdf;;stans.pdf;;stans.pdf
A11.8.0: 5 etiketten;leeg.pdf;NW29: 5 etiketten;leeg.pdf;LM1055: 5 etiketten;leeg.pdf
;201942513_meteon_outline_55.pdf;;201942513_meteon_outline_150.pdf;;201942513_meteon_outline_245.pdf
;201942513_meteon_outline_55.pdf;;201942513_meteon_outline_150.pdf;;201942513_meteon_outline_245.pdf
;201942513_meteon_outline_55.pdf;;201942513_meteon_outline_150.pdf;;201942513_meteon_outline_245.pdf
;201942513_meteon_outline_55.pdf;;201942513_meteon_outline_150.pdf;;201942513_meteon_outline_245.pdf
;201942513_meteon_outline_55.pdf;;201942513_meteon_outline_150.pdf;;201942513_meteon_outline_245.pdf
A11.8.0: 5 etiketten;leeg.pdf;NW29: 5 etiketten;leeg.pdf;LM1055: 5 etiketten;leeg.pdf
;stans.pdf;;stans.pdf;;stans.pdf
A12.1.8: 5 etiketten;leeg.pdf;NA11: 5 etiketten;leeg.pdf;LM2181: 5 etiketten;leeg.pdf
;201942513_meteon_outline_56.pdf;;201942513_meteon_outline_151.pdf;;201942513_meteon_outline_246.pdf
;201942513_meteon_outline_56.pdf;;201942513_meteon_outline_151.pdf;;201942513_meteon_outline_246.pdf
;201942513_meteon_outline_56.pdf;;201942513_meteon_outline_151.pdf;;201942513_meteon_outline_246.pdf
;201942513_meteon_outline_56.pdf;;201942513_meteon_outline_151.pdf;;201942513_meteon_outline_246.pdf
;201942513_meteon_outline_56.pdf;;201942513_meteon_outline_151.pdf;;201942513_meteon_outline_246.pdf
A12.1.8: 5 etiketten;leeg.pdf;NA11: 5 etiketten;leeg.pdf;LM2181: 5 etiketten;leeg.pdf
;stans.pdf;;stans.pdf;;stans.pdf
A12.1.8: 5 etiketten;leeg.pdf;NA11: 5 etiketten;leeg.pdf;LM2181: 5 etiketten;leeg.pdf
;201942513_meteon_outline_57.pdf;;201942513_meteon_outline_152.pdf;;201942513_meteon_outline_247.pdf
;201942513_meteon_outline_57.pdf;;201942513_meteon_outline_152.pdf;;201942513_meteon_outline_247.pdf
;201942513_meteon_outline_57.pdf;;201942513_meteon_outline_152.pdf;;201942513_meteon_outline_247.pdf
;201942513_meteon_outline_57.pdf;;201942513_meteon_outline_152.pdf;;201942513_meteon_outline_247.pdf
;201942513_meteon_outline_57.pdf;;201942513_meteon_outline_152.pdf;;201942513_meteon_outline_247.pdf
A12.1.8: 5 etiketten;leeg.pdf;NA11: 5 etiketten;leeg.pdf;LM2181: 5 etiketten;leeg.pdf
;stans.pdf;;stans.pdf;;stans.pdf
A12.3.7: 5 etiketten;leeg.pdf;NA11: 5 etiketten;leeg.pdf;LM5101: 5 etiketten;leeg.pdf
;201942513_meteon_outline_58.pdf;;201942513_meteon_outline_153.pdf;;201942513_meteon_outline_248.pdf
;201942513_meteon_outline_58.pdf;;201942513_meteon_outline_153.pdf;;201942513_meteon_outline_248.pdf
;201942513_meteon_outline_58.pdf;;201942513_meteon_outline_153.pdf;;201942513_meteon_outline_248.pdf
;201942513_meteon_outline_58.pdf;;201942513_meteon_outline_153.pdf;;201942513_meteon_outline_248.pdf
;201942513_meteon_outline_58.pdf;;201942513_meteon_outline_153.pdf;;201942513_meteon_outline_248.pdf
A12.3.7: 5 etiketten;leeg.pdf;NA11: 5 etiketten;leeg.pdf;LM5101: 5 etiketten;leeg.pdf
;stans.pdf;;stans.pdf;;stans.pdf
A12.6.3: 5 etiketten;leeg.pdf;NA12: 5 etiketten;leeg.pdf;LM5101: 5 etiketten;leeg.pdf
;201942513_meteon_outline_59.pdf;;201942513_meteon_outline_154.pdf;;201942513_meteon_outline_249.pdf
;201942513_meteon_outline_59.pdf;;201942513_meteon_outline_154.pdf;;201942513_meteon_outline_249.pdf
;201942513_meteon_outline_59.pdf;;201942513_meteon_outline_154.pdf;;201942513_meteon_outline_249.pdf
;201942513_meteon_outline_59.pdf;;201942513_meteon_outline_154.pdf;;201942513_meteon_outline_249.pdf
;201942513_meteon_outline_59.pdf;;201942513_meteon_outline_154.pdf;;201942513_meteon_outline_249.pdf
A12.6.3: 5 etiketten;leeg.pdf;NA12: 5 etiketten;leeg.pdf;LM5101: 5 etiketten;leeg.pdf
;stans.pdf;;stans.pdf;;stans.pdf
A12.6.3: 5 etiketten;leeg.pdf;NA12: 5 etiketten;leeg.pdf;LM5101: 5 etiketten;leeg.pdf
;201942513_meteon_outline_60.pdf;;201942513_meteon_outline_155.pdf;;201942513_meteon_outline_250.pdf
;201942513_meteon_outline_60.pdf;;201942513_meteon_outline_155.pdf;;201942513_meteon_outline_250.pdf
;201942513_meteon_outline_60.pdf;;201942513_meteon_outline_155.pdf;;201942513_meteon_outline_250.pdf
;201942513_meteon_outline_60.pdf;;201942513_meteon_outline_155.pdf;;201942513_meteon_outline_250.pdf
;201942513_meteon_outline_60.pdf;;201942513_meteon_outline_155.pdf;;201942513_meteon_outline_250.pdf
A12.6.3: 5 etiketten;leeg.pdf;NA12: 5 etiketten;leeg.pdf;LM5101: 5 etiketten;leeg.pdf
;stans.pdf;;stans.pdf;;stans.pdf
A12.6.3: 5 etiketten;leeg.pdf;NA12: 5 etiketten;leeg.pdf;LM5101: 5 etiketten;leeg.pdf
;201942513_meteon_outline_61.pdf;;201942513_meteon_outline_156.pdf;;201942513_meteon_outline_251.pdf
;201942513_meteon_outline_61.pdf;;201942513_meteon_outline_156.pdf;;201942513_meteon_outline_251.pdf
;201942513_meteon_outline_61.pdf;;201942513_meteon_outline_156.pdf;;201942513_meteon_outline_251.pdf
;201942513_meteon_outline_61.pdf;;201942513_meteon_outline_156.pdf;;201942513_meteon_outline_251.pdf
;201942513_meteon_outline_61.pdf;;201942513_meteon_outline_156.pdf;;201942513_meteon_outline_251.pdf
A12.6.3: 5 etiketten;leeg.pdf;NA12: 5 etiketten;leeg.pdf;LM5101: 5 etiketten;leeg.pdf
;stans.pdf;;stans.pdf;;stans.pdf
A14.7.2: 5 etiketten;leeg.pdf;NA13: 5 etiketten;leeg.pdf;LM5101: 5 etiketten;leeg.pdf
;201942513_meteon_outline_62.pdf;;201942513_meteon_outline_157.pdf;;201942513_meteon_outline_252.pdf
;201942513_meteon_outline_62.pdf;;201942513_meteon_outline_157.pdf;;201942513_meteon_outline_252.pdf
;201942513_meteon_outline_62.pdf;;201942513_meteon_outline_157.pdf;;201942513_meteon_outline_252.pdf
;201942513_meteon_outline_62.pdf;;201942513_meteon_outline_157.pdf;;201942513_meteon_outline_252.pdf
;201942513_meteon_outline_62.pdf;;201942513_meteon_outline_157.pdf;;201942513_meteon_outline_252.pdf
A14.7.2: 5 etiketten;leeg.pdf;NA13: 5 etiketten;leeg.pdf;LM5101: 5 etiketten;leeg.pdf
;stans.pdf;;stans.pdf;;stans.pdf
A14.7.2: 5 etiketten;leeg.pdf;NA13: 5 etiketten;leeg.pdf;6009: 5 etiketten;leeg.pdf
;201942513_meteon_outline_63.pdf;;201942513_meteon_outline_158.pdf;;201942513_meteon_outline_253.pdf
;201942513_meteon_outline_63.pdf;;201942513_meteon_outline_158.pdf;;201942513_meteon_outline_253.pdf
;201942513_meteon_outline_63.pdf;;201942513_meteon_outline_158.pdf;;201942513_meteon_outline_253.pdf
;201942513_meteon_outline_63.pdf;;201942513_meteon_outline_158.pdf;;201942513_meteon_outline_253.pdf
;201942513_meteon_outline_63.pdf;;201942513_meteon_outline_158.pdf;;201942513_meteon_outline_253.pdf
A14.7.2: 5 etiketten;leeg.pdf;NA13: 5 etiketten;leeg.pdf;6009: 5 etiketten;leeg.pdf
;stans.pdf;;stans.pdf;;stans.pdf
A16.5.1: 5 etiketten;leeg.pdf;NA14: 5 etiketten;leeg.pdf;7021: 5 etiketten;leeg.pdf
;201942513_meteon_outline_64.pdf;;201942513_meteon_outline_159.pdf;;201942513_meteon_outline_254.pdf
;201942513_meteon_outline_64.pdf;;201942513_meteon_outline_159.pdf;;201942513_meteon_outline_254.pdf
;201942513_meteon_outline_64.pdf;;201942513_meteon_outline_159.pdf;;201942513_meteon_outline_254.pdf
;201942513_meteon_outline_64.pdf;;201942513_meteon_outline_159.pdf;;201942513_meteon_outline_254.pdf
;201942513_meteon_outline_64.pdf;;201942513_meteon_outline_159.pdf;;201942513_meteon_outline_254.pdf
A16.5.1: 5 etiketten;leeg.pdf;NA14: 5 etiketten;leeg.pdf;7021: 5 etiketten;leeg.pdf
;stans.pdf;;stans.pdf;;stans.pdf
A16.5.1: 5 etiketten;leeg.pdf;NA14: 5 etiketten;leeg.pdf;7030: 5 etiketten;leeg.pdf
;201942513_meteon_outline_65.pdf;;201942513_meteon_outline_160.pdf;;201942513_meteon_outline_255.pdf
;201942513_meteon_outline_65.pdf;;201942513_meteon_outline_160.pdf;;201942513_meteon_outline_255.pdf
;201942513_meteon_outline_65.pdf;;201942513_meteon_outline_160.pdf;;201942513_meteon_outline_255.pdf
;201942513_meteon_outline_65.pdf;;201942513_meteon_outline_160.pdf;;201942513_meteon_outline_255.pdf
;201942513_meteon_outline_65.pdf;;201942513_meteon_outline_160.pdf;;201942513_meteon_outline_255.pdf
A16.5.1: 5 etiketten;leeg.pdf;NA14: 5 etiketten;leeg.pdf;7030: 5 etiketten;leeg.pdf
;stans.pdf;;stans.pdf;;stans.pdf
A16.5.1: 5 etiketten;leeg.pdf;NA14: 5 etiketten;leeg.pdf;7039: 5 etiketten;leeg.pdf
;201942513_meteon_outline_66.pdf;;201942513_meteon_outline_161.pdf;;201942513_meteon_outline_256.pdf
;201942513_meteon_outline_66.pdf;;201942513_meteon_outline_161.pdf;;201942513_meteon_outline_256.pdf
;201942513_meteon_outline_66.pdf;;201942513_meteon_outline_161.pdf;;201942513_meteon_outline_256.pdf
;201942513_meteon_outline_66.pdf;;201942513_meteon_outline_161.pdf;;201942513_meteon_outline_256.pdf
;201942513_meteon_outline_66.pdf;;201942513_meteon_outline_161.pdf;;201942513_meteon_outline_256.pdf
A16.5.1: 5 etiketten;leeg.pdf;NA14: 5 etiketten;leeg.pdf;7039: 5 etiketten;leeg.pdf
;stans.pdf;;stans.pdf;;stans.pdf
A17.3.5: 5 etiketten;leeg.pdf;NA15: 5 etiketten;leeg.pdf;9001: 5 etiketten;leeg.pdf
;201942513_meteon_outline_67.pdf;;201942513_meteon_outline_162.pdf;;201942513_meteon_outline_257.pdf
;201942513_meteon_outline_67.pdf;;201942513_meteon_outline_162.pdf;;201942513_meteon_outline_257.pdf
;201942513_meteon_outline_67.pdf;;201942513_meteon_outline_162.pdf;;201942513_meteon_outline_257.pdf
;201942513_meteon_outline_67.pdf;;201942513_meteon_outline_162.pdf;;201942513_meteon_outline_257.pdf
;201942513_meteon_outline_67.pdf;;201942513_meteon_outline_162.pdf;;201942513_meteon_outline_257.pdf
A17.3.5: 5 etiketten;leeg.pdf;NA15: 5 etiketten;leeg.pdf;9001: 5 etiketten;leeg.pdf
;stans.pdf;;stans.pdf;;stans.pdf
A17.3.5: 5 etiketten;leeg.pdf;NA15: 5 etiketten;leeg.pdf;9005: 5 etiketten;leeg.pdf
;201942513_meteon_outline_68.pdf;;201942513_meteon_outline_163.pdf;;201942513_meteon_outline_258.pdf
;201942513_meteon_outline_68.pdf;;201942513_meteon_outline_163.pdf;;201942513_meteon_outline_258.pdf
;201942513_meteon_outline_68.pdf;;201942513_meteon_outline_163.pdf;;201942513_meteon_outline_258.pdf
;201942513_meteon_outline_68.pdf;;201942513_meteon_outline_163.pdf;;201942513_meteon_outline_258.pdf
;201942513_meteon_outline_68.pdf;;201942513_meteon_outline_163.pdf;;201942513_meteon_outline_258.pdf
A17.3.5: 5 etiketten;leeg.pdf;NA15: 5 etiketten;leeg.pdf;9005: 5 etiketten;leeg.pdf
;stans.pdf;;stans.pdf;;stans.pdf
A17.3.5: 5 etiketten;leeg.pdf;NA16: 5 etiketten;leeg.pdf;E0-00: 5 etiketten;leeg.pdf
;201942513_meteon_outline_69.pdf;;201942513_meteon_outline_164.pdf;;201942513_toplab_outline_1.pdf
;201942513_meteon_outline_69.pdf;;201942513_meteon_outline_164.pdf;;201942513_toplab_outline_1.pdf
;201942513_meteon_outline_69.pdf;;201942513_meteon_outline_164.pdf;;201942513_toplab_outline_1.pdf
;201942513_meteon_outline_69.pdf;;201942513_meteon_outline_164.pdf;;201942513_toplab_outline_1.pdf
;201942513_meteon_outline_69.pdf;;201942513_meteon_outline_164.pdf;;201942513_toplab_outline_1.pdf
A17.3.5: 5 etiketten;leeg.pdf;NA16: 5 etiketten;leeg.pdf;E0-00: 5 etiketten;leeg.pdf
;stans.pdf;;stans.pdf;;stans.pdf
A20.5.2: 5 etiketten;leeg.pdf;NA16: 5 etiketten;leeg.pdf;E0-02: 5 etiketten;leeg.pdf
;201942513_meteon_outline_70.pdf;;201942513_meteon_outline_165.pdf;;201942513_toplab_outline_2.pdf
;201942513_meteon_outline_70.pdf;;201942513_meteon_outline_165.pdf;;201942513_toplab_outline_2.pdf
;201942513_meteon_outline_70.pdf;;201942513_meteon_outline_165.pdf;;201942513_toplab_outline_2.pdf
;201942513_meteon_outline_70.pdf;;201942513_meteon_outline_165.pdf;;201942513_toplab_outline_2.pdf
;201942513_meteon_outline_70.pdf;;201942513_meteon_outline_165.pdf;;201942513_toplab_outline_2.pdf
A20.5.2: 5 etiketten;leeg.pdf;NA16: 5 etiketten;leeg.pdf;E0-02: 5 etiketten;leeg.pdf
;stans.pdf;;stans.pdf;;stans.pdf
A20.5.2: 5 etiketten;leeg.pdf;NA17: 5 etiketten;leeg.pdf;E0-04: 5 etiketten;leeg.pdf
;201942513_meteon_outline_71.pdf;;201942513_meteon_outline_166.pdf;;201942513_toplab_outline_3.pdf
;201942513_meteon_outline_71.pdf;;201942513_meteon_outline_166.pdf;;201942513_toplab_outline_3.pdf
;201942513_meteon_outline_71.pdf;;201942513_meteon_outline_166.pdf;;201942513_toplab_outline_3.pdf
;201942513_meteon_outline_71.pdf;;201942513_meteon_outline_166.pdf;;201942513_toplab_outline_3.pdf
;201942513_meteon_outline_71.pdf;;201942513_meteon_outline_166.pdf;;201942513_toplab_outline_3.pdf
A20.5.2: 5 etiketten;leeg.pdf;NA17: 5 etiketten;leeg.pdf;E0-04: 5 etiketten;leeg.pdf
;stans.pdf;;stans.pdf;;stans.pdf
A20.7.2: 5 etiketten;leeg.pdf;NM02: 5 etiketten;leeg.pdf;E0-09: 5 etiketten;leeg.pdf
;201942513_meteon_outline_72.pdf;;201942513_meteon_outline_167.pdf;;201942513_toplab_outline_4.pdf
;201942513_meteon_outline_72.pdf;;201942513_meteon_outline_167.pdf;;201942513_toplab_outline_4.pdf
;201942513_meteon_outline_72.pdf;;201942513_meteon_outline_167.pdf;;201942513_toplab_outline_4.pdf
;201942513_meteon_outline_72.pdf;;201942513_meteon_outline_167.pdf;;201942513_toplab_outline_4.pdf
;201942513_meteon_outline_72.pdf;;201942513_meteon_outline_167.pdf;;201942513_toplab_outline_4.pdf
A20.7.2: 5 etiketten;leeg.pdf;NM02: 5 etiketten;leeg.pdf;E0-09: 5 etiketten;leeg.pdf
;stans.pdf;;stans.pdf;;stans.pdf
A20.7.2: 5 etiketten;leeg.pdf;NM02: 5 etiketten;leeg.pdf;E17-32: 5 etiketten;leeg.pdf
;201942513_meteon_outline_73.pdf;;201942513_meteon_outline_168.pdf;;201942513_toplab_outline_5.pdf
;201942513_meteon_outline_73.pdf;;201942513_meteon_outline_168.pdf;;201942513_toplab_outline_5.pdf
;201942513_meteon_outline_73.pdf;;201942513_meteon_outline_168.pdf;;201942513_toplab_outline_5.pdf
;201942513_meteon_outline_73.pdf;;201942513_meteon_outline_168.pdf;;201942513_toplab_outline_5.pdf
;201942513_meteon_outline_73.pdf;;201942513_meteon_outline_168.pdf;;201942513_toplab_outline_5.pdf
A20.7.2: 5 etiketten;leeg.pdf;NM02: 5 etiketten;leeg.pdf;E17-32: 5 etiketten;leeg.pdf
;stans.pdf;;stans.pdf;;stans.pdf
A20.7.2: 5 etiketten;leeg.pdf;NM03: 5 etiketten;leeg.pdf;E17-82: 5 etiketten;leeg.pdf
;201942513_meteon_outline_74.pdf;;201942513_meteon_outline_169.pdf;;201942513_toplab_outline_6.pdf
;201942513_meteon_outline_74.pdf;;201942513_meteon_outline_169.pdf;;201942513_toplab_outline_6.pdf
;201942513_meteon_outline_74.pdf;;201942513_meteon_outline_169.pdf;;201942513_toplab_outline_6.pdf
;201942513_meteon_outline_74.pdf;;201942513_meteon_outline_169.pdf;;201942513_toplab_outline_6.pdf
;201942513_meteon_outline_74.pdf;;201942513_meteon_outline_169.pdf;;201942513_toplab_outline_6.pdf
A20.7.2: 5 etiketten;leeg.pdf;NM03: 5 etiketten;leeg.pdf;E17-82: 5 etiketten;leeg.pdf
;stans.pdf;;stans.pdf;;stans.pdf
A21.1.0: 5 etiketten;leeg.pdf;NM03: 5 etiketten;leeg.pdf;E20-12: 5 etiketten;leeg.pdf
;201942513_meteon_outline_75.pdf;;201942513_meteon_outline_170.pdf;;201942513_toplab_outline_7.pdf
;201942513_meteon_outline_75.pdf;;201942513_meteon_outline_170.pdf;;201942513_toplab_outline_7.pdf
;201942513_meteon_outline_75.pdf;;201942513_meteon_outline_170.pdf;;201942513_toplab_outline_7.pdf
;201942513_meteon_outline_75.pdf;;201942513_meteon_outline_170.pdf;;201942513_toplab_outline_7.pdf
;201942513_meteon_outline_75.pdf;;201942513_meteon_outline_170.pdf;;201942513_toplab_outline_7.pdf
A21.1.0: 5 etiketten;leeg.pdf;NM03: 5 etiketten;leeg.pdf;E20-12: 5 etiketten;leeg.pdf
;stans.pdf;;stans.pdf;;stans.pdf
A21.5.1: 5 etiketten;leeg.pdf;NM04: 5 etiketten;leeg.pdf;S0-00: 5 etiketten;leeg.pdf
;201942513_meteon_outline_76.pdf;;201942513_meteon_outline_171.pdf;;201942513_toplab_outline_8.pdf
;201942513_meteon_outline_76.pdf;;201942513_meteon_outline_171.pdf;;201942513_toplab_outline_8.pdf
;201942513_meteon_outline_76.pdf;;201942513_meteon_outline_171.pdf;;201942513_toplab_outline_8.pdf
;201942513_meteon_outline_76.pdf;;201942513_meteon_outline_171.pdf;;201942513_toplab_outline_8.pdf
;201942513_meteon_outline_76.pdf;;201942513_meteon_outline_171.pdf;;201942513_toplab_outline_8.pdf
A21.5.1: 5 etiketten;leeg.pdf;NM04: 5 etiketten;leeg.pdf;S0-00: 5 etiketten;leeg.pdf
;stans.pdf;;stans.pdf;;stans.pdf
A21.5.4: 5 etiketten;leeg.pdf;NM04: 5 etiketten;leeg.pdf;S0-04: 5 etiketten;leeg.pdf
;201942513_meteon_outline_77.pdf;;201942513_meteon_outline_172.pdf;;201942513_toplab_outline_9.pdf
;201942513_meteon_outline_77.pdf;;201942513_meteon_outline_172.pdf;;201942513_toplab_outline_9.pdf
;201942513_meteon_outline_77.pdf;;201942513_meteon_outline_172.pdf;;201942513_toplab_outline_9.pdf
;201942513_meteon_outline_77.pdf;;201942513_meteon_outline_172.pdf;;201942513_toplab_outline_9.pdf
;201942513_meteon_outline_77.pdf;;201942513_meteon_outline_172.pdf;;201942513_toplab_outline_9.pdf
A21.5.4: 5 etiketten;leeg.pdf;NM04: 5 etiketten;leeg.pdf;S0-04: 5 etiketten;leeg.pdf
;stans.pdf;;stans.pdf;;stans.pdf
A21.7.0: 5 etiketten;leeg.pdf;NM05: 5 etiketten;leeg.pdf;S17-32: 5 etiketten;leeg.pdf
;201942513_meteon_outline_78.pdf;;201942513_meteon_outline_173.pdf;;201942513_toplab_outline_10.pdf
;201942513_meteon_outline_78.pdf;;201942513_meteon_outline_173.pdf;;201942513_toplab_outline_10.pdf
;201942513_meteon_outline_78.pdf;;201942513_meteon_outline_173.pdf;;201942513_toplab_outline_10.pdf
;201942513_meteon_outline_78.pdf;;201942513_meteon_outline_173.pdf;;201942513_toplab_outline_10.pdf
;201942513_meteon_outline_78.pdf;;201942513_meteon_outline_173.pdf;;201942513_toplab_outline_10.pdf
A21.7.0: 5 etiketten;leeg.pdf;NM05: 5 etiketten;leeg.pdf;S17-32: 5 etiketten;leeg.pdf
;stans.pdf;;stans.pdf;;stans.pdf
A22.1.6: 5 etiketten;leeg.pdf;NM06: 5 etiketten;leeg.pdf;S17-82: 5 etiketten;leeg.pdf
;201942513_meteon_outline_79.pdf;;201942513_meteon_outline_174.pdf;;201942513_toplab_outline_11.pdf
;201942513_meteon_outline_79.pdf;;201942513_meteon_outline_174.pdf;;201942513_toplab_outline_11.pdf
;201942513_meteon_outline_79.pdf;;201942513_meteon_outline_174.pdf;;201942513_toplab_outline_11.pdf
;201942513_meteon_outline_79.pdf;;201942513_meteon_outline_174.pdf;;201942513_toplab_outline_11.pdf
;201942513_meteon_outline_79.pdf;;201942513_meteon_outline_174.pdf;;201942513_toplab_outline_11.pdf
A22.1.6: 5 etiketten;leeg.pdf;NM06: 5 etiketten;leeg.pdf;S17-82: 5 etiketten;leeg.pdf
;stans.pdf;;stans.pdf;;stans.pdf
A22.2.1: 5 etiketten;leeg.pdf;NM06: 5 etiketten;leeg.pdf;S25-01: 5 etiketten;leeg.pdf
;201942513_meteon_outline_80.pdf;;201942513_meteon_outline_175.pdf;;201942513_toplab_outline_12.pdf
;201942513_meteon_outline_80.pdf;;201942513_meteon_outline_175.pdf;;201942513_toplab_outline_12.pdf
;201942513_meteon_outline_80.pdf;;201942513_meteon_outline_175.pdf;;201942513_toplab_outline_12.pdf
;201942513_meteon_outline_80.pdf;;201942513_meteon_outline_175.pdf;;201942513_toplab_outline_12.pdf
;201942513_meteon_outline_80.pdf;;201942513_meteon_outline_175.pdf;;201942513_toplab_outline_12.pdf
A22.2.1: 5 etiketten;leeg.pdf;NM06: 5 etiketten;leeg.pdf;S25-01: 5 etiketten;leeg.pdf
;stans.pdf;;stans.pdf;;stans.pdf
A22.2.4: 5 etiketten;leeg.pdf;NM07: 5 etiketten;leeg.pdf;S3-01: 5 etiketten;leeg.pdf
;201942513_meteon_outline_81.pdf;;201942513_meteon_outline_176.pdf;;201942513_toplab_outline_13.pdf
;201942513_meteon_outline_81.pdf;;201942513_meteon_outline_176.pdf;;201942513_toplab_outline_13.pdf
;201942513_meteon_outline_81.pdf;;201942513_meteon_outline_176.pdf;;201942513_toplab_outline_13.pdf
;201942513_meteon_outline_81.pdf;;201942513_meteon_outline_176.pdf;;201942513_toplab_outline_13.pdf
;201942513_meteon_outline_81.pdf;;201942513_meteon_outline_176.pdf;;201942513_toplab_outline_13.pdf
A22.2.4: 5 etiketten;leeg.pdf;NM07: 5 etiketten;leeg.pdf;S3-01: 5 etiketten;leeg.pdf
;stans.pdf;;stans.pdf;;stans.pdf
A22.3.1: 5 etiketten;leeg.pdf;NM08: 5 etiketten;leeg.pdf;W14: 5 etiketten;leeg.pdf
;201942513_meteon_outline_82.pdf;;201942513_meteon_outline_177.pdf;;201942513_toplab_outline_14.pdf
;201942513_meteon_outline_82.pdf;;201942513_meteon_outline_177.pdf;;201942513_toplab_outline_14.pdf
;201942513_meteon_outline_82.pdf;;201942513_meteon_outline_177.pdf;;201942513_toplab_outline_14.pdf
;201942513_meteon_outline_82.pdf;;201942513_meteon_outline_177.pdf;;201942513_toplab_outline_14.pdf
;201942513_meteon_outline_82.pdf;;201942513_meteon_outline_177.pdf;;201942513_toplab_outline_14.pdf
A22.3.1: 5 etiketten;leeg.pdf;NM08: 5 etiketten;leeg.pdf;W14: 5 etiketten;leeg.pdf
;stans.pdf;;stans.pdf;;stans.pdf
A22.3.1: 5 etiketten;leeg.pdf;M04.4.1: 5 etiketten;leeg.pdf;W20: 5 etiketten;leeg.pdf
;201942513_meteon_outline_83.pdf;;201942513_meteon_outline_178.pdf;;201942513_toplab_outline_15.pdf
;201942513_meteon_outline_83.pdf;;201942513_meteon_outline_178.pdf;;201942513_toplab_outline_15.pdf
;201942513_meteon_outline_83.pdf;;201942513_meteon_outline_178.pdf;;201942513_toplab_outline_15.pdf
;201942513_meteon_outline_83.pdf;;201942513_meteon_outline_178.pdf;;201942513_toplab_outline_15.pdf
;201942513_meteon_outline_83.pdf;;201942513_meteon_outline_178.pdf;;201942513_toplab_outline_15.pdf
A22.3.1: 5 etiketten;leeg.pdf;M04.4.1: 5 etiketten;leeg.pdf;W20: 5 etiketten;leeg.pdf
;stans.pdf;;stans.pdf;;stans.pdf
A22.3.1: 5 etiketten;leeg.pdf;M04.4.1: 5 etiketten;leeg.pdf;W27: 5 etiketten;leeg.pdf
;201942513_meteon_outline_84.pdf;;201942513_meteon_outline_179.pdf;;201942513_toplab_outline_16.pdf
;201942513_meteon_outline_84.pdf;;201942513_meteon_outline_179.pdf;;201942513_toplab_outline_16.pdf
;201942513_meteon_outline_84.pdf;;201942513_meteon_outline_179.pdf;;201942513_toplab_outline_16.pdf
;201942513_meteon_outline_84.pdf;;201942513_meteon_outline_179.pdf;;201942513_toplab_outline_16.pdf
;201942513_meteon_outline_84.pdf;;201942513_meteon_outline_179.pdf;;201942513_toplab_outline_16.pdf
A22.3.1: 5 etiketten;leeg.pdf;M04.4.1: 5 etiketten;leeg.pdf;W27: 5 etiketten;leeg.pdf
;stans.pdf;;stans.pdf;;stans.pdf
A22.4.4: 5 etiketten;leeg.pdf;M05.5.1: 5 etiketten;leeg.pdf;T18.0.1: 5 etiketten;leeg.pdf
;201942513_meteon_outline_85.pdf;;201942513_meteon_outline_180.pdf;;201942513_toplab_outline_17.pdf
;201942513_meteon_outline_85.pdf;;201942513_meteon_outline_180.pdf;;201942513_toplab_outline_17.pdf
;201942513_meteon_outline_85.pdf;;201942513_meteon_outline_180.pdf;;201942513_toplab_outline_17.pdf
;201942513_meteon_outline_85.pdf;;201942513_meteon_outline_180.pdf;;201942513_toplab_outline_17.pdf
;201942513_meteon_outline_85.pdf;;201942513_meteon_outline_180.pdf;;201942513_toplab_outline_17.pdf
A22.4.4: 5 etiketten;leeg.pdf;M05.5.1: 5 etiketten;leeg.pdf;T18.0.1: 5 etiketten;leeg.pdf
;stans.pdf;;stans.pdf;;stans.pdf
A22.4.4: 5 etiketten;leeg.pdf;M05.5.1: 5 etiketten;leeg.pdf;T70.0.0: 5 etiketten;leeg.pdf
;201942513_meteon_outline_86.pdf;;201942513_meteon_outline_181.pdf;;201942513_toplab_outline_18.pdf
;201942513_meteon_outline_86.pdf;;201942513_meteon_outline_181.pdf;;201942513_toplab_outline_18.pdf
;201942513_meteon_outline_86.pdf;;201942513_meteon_outline_181.pdf;;201942513_toplab_outline_18.pdf
;201942513_meteon_outline_86.pdf;;201942513_meteon_outline_181.pdf;;201942513_toplab_outline_18.pdf
;201942513_meteon_outline_86.pdf;;201942513_meteon_outline_181.pdf;;201942513_toplab_outline_18.pdf
A22.4.4: 5 etiketten;leeg.pdf;M05.5.1: 5 etiketten;leeg.pdf;T70.0.0: 5 etiketten;leeg.pdf
;stans.pdf;;stans.pdf;;stans.pdf
A22.4.4: 5 etiketten;leeg.pdf;M05.6.1: 5 etiketten;leeg.pdf;T70.0.0: 5 etiketten;leeg.pdf
;201942513_meteon_outline_87.pdf;;201942513_meteon_outline_182.pdf;;201942513_toplab_outline_19.pdf
;201942513_meteon_outline_87.pdf;;201942513_meteon_outline_182.pdf;;201942513_toplab_outline_19.pdf
;201942513_meteon_outline_87.pdf;;201942513_meteon_outline_182.pdf;;201942513_toplab_outline_19.pdf
;201942513_meteon_outline_87.pdf;;201942513_meteon_outline_182.pdf;;201942513_toplab_outline_19.pdf
;201942513_meteon_outline_87.pdf;;201942513_meteon_outline_182.pdf;;201942513_toplab_outline_19.pdf
A22.4.4: 5 etiketten;leeg.pdf;M05.6.1: 5 etiketten;leeg.pdf;T70.0.0: 5 etiketten;leeg.pdf
;stans.pdf;;stans.pdf;;stans.pdf
A22.6.2: 5 etiketten;leeg.pdf;M05.6.1: 5 etiketten;leeg.pdf;K03.0.0: 5 etiketten;leeg.pdf
;201942513_meteon_outline_88.pdf;;201942513_meteon_outline_183.pdf;;201942513_toplab_outline_20.pdf
;201942513_meteon_outline_88.pdf;;201942513_meteon_outline_183.pdf;;201942513_toplab_outline_20.pdf
;201942513_meteon_outline_88.pdf;;201942513_meteon_outline_183.pdf;;201942513_toplab_outline_20.pdf
;201942513_meteon_outline_88.pdf;;201942513_meteon_outline_183.pdf;;201942513_toplab_outline_20.pdf
;201942513_meteon_outline_88.pdf;;201942513_meteon_outline_183.pdf;;201942513_toplab_outline_20.pdf
A22.6.2: 5 etiketten;leeg.pdf;M05.6.1: 5 etiketten;leeg.pdf;K03.0.0: 5 etiketten;leeg.pdf
;stans.pdf;;stans.pdf;;stans.pdf
A22.6.2: 5 etiketten;leeg.pdf;M06.4.1: 5 etiketten;leeg.pdf;K03.4.0: 5 etiketten;leeg.pdf
;201942513_meteon_outline_89.pdf;;201942513_meteon_outline_184.pdf;;201942513_toplab_outline_21.pdf
;201942513_meteon_outline_89.pdf;;201942513_meteon_outline_184.pdf;;201942513_toplab_outline_21.pdf
;201942513_meteon_outline_89.pdf;;201942513_meteon_outline_184.pdf;;201942513_toplab_outline_21.pdf
;201942513_meteon_outline_89.pdf;;201942513_meteon_outline_184.pdf;;201942513_toplab_outline_21.pdf
;201942513_meteon_outline_89.pdf;;201942513_meteon_outline_184.pdf;;201942513_toplab_outline_21.pdf
A22.6.2: 5 etiketten;leeg.pdf;M06.4.1: 5 etiketten;leeg.pdf;K03.4.0: 5 etiketten;leeg.pdf
;stans.pdf;;stans.pdf;;stans.pdf
A23.0.4: 5 etiketten;leeg.pdf;M06.4.1: 5 etiketten;leeg.pdf;K10.1.8: 5 etiketten;leeg.pdf
;201942513_meteon_outline_90.pdf;;201942513_meteon_outline_185.pdf;;201942513_toplab_outline_22.pdf
;201942513_meteon_outline_90.pdf;;201942513_meteon_outline_185.pdf;;201942513_toplab_outline_22.pdf
;201942513_meteon_outline_90.pdf;;201942513_meteon_outline_185.pdf;;201942513_toplab_outline_22.pdf
;201942513_meteon_outline_90.pdf;;201942513_meteon_outline_185.pdf;;201942513_toplab_outline_22.pdf
;201942513_meteon_outline_90.pdf;;201942513_meteon_outline_185.pdf;;201942513_toplab_outline_22.pdf
A23.0.4: 5 etiketten;leeg.pdf;M06.4.1: 5 etiketten;leeg.pdf;K10.1.8: 5 etiketten;leeg.pdf
;stans.pdf;;stans.pdf;;stans.pdf
A23.0.4: 5 etiketten;leeg.pdf;M10.5.5: 5 etiketten;leeg.pdf;K10.4.5: 5 etiketten;leeg.pdf
;201942513_meteon_outline_91.pdf;;201942513_meteon_outline_186.pdf;;201942513_toplab_outline_23.pdf
;201942513_meteon_outline_91.pdf;;201942513_meteon_outline_186.pdf;;201942513_toplab_outline_23.pdf
;201942513_meteon_outline_91.pdf;;201942513_meteon_outline_186.pdf;;201942513_toplab_outline_23.pdf
;201942513_meteon_outline_91.pdf;;201942513_meteon_outline_186.pdf;;201942513_toplab_outline_23.pdf
;201942513_meteon_outline_91.pdf;;201942513_meteon_outline_186.pdf;;201942513_toplab_outline_23.pdf
A23.0.4: 5 etiketten;leeg.pdf;M10.5.5: 5 etiketten;leeg.pdf;K10.4.5: 5 etiketten;leeg.pdf
;stans.pdf;;stans.pdf;;stans.pdf
A24.4.1: 5 etiketten;leeg.pdf;M10.5.5: 5 etiketten;leeg.pdf;K21.5.4: 5 etiketten;leeg.pdf
;201942513_meteon_outline_92.pdf;;201942513_meteon_outline_187.pdf;;201942513_toplab_outline_24.pdf
;201942513_meteon_outline_92.pdf;;201942513_meteon_outline_187.pdf;;201942513_toplab_outline_24.pdf
;201942513_meteon_outline_92.pdf;;201942513_meteon_outline_187.pdf;;201942513_toplab_outline_24.pdf
;201942513_meteon_outline_92.pdf;;201942513_meteon_outline_187.pdf;;201942513_toplab_outline_24.pdf
;201942513_meteon_outline_92.pdf;;201942513_meteon_outline_187.pdf;;201942513_toplab_outline_24.pdf
A24.4.1: 5 etiketten;leeg.pdf;M10.5.5: 5 etiketten;leeg.pdf;K21.5.4: 5 etiketten;leeg.pdf
;stans.pdf;;stans.pdf;;stans.pdf
A24.4.1: 5 etiketten;leeg.pdf;M21.3.4: 5 etiketten;leeg.pdf;K22.2.4: 5 etiketten;leeg.pdf
;201942513_meteon_outline_93.pdf;;201942513_meteon_outline_188.pdf;;201942513_toplab_outline_25.pdf
;201942513_meteon_outline_93.pdf;;201942513_meteon_outline_188.pdf;;201942513_toplab_outline_25.pdf
;201942513_meteon_outline_93.pdf;;201942513_meteon_outline_188.pdf;;201942513_toplab_outline_25.pdf
;201942513_meteon_outline_93.pdf;;201942513_meteon_outline_188.pdf;;201942513_toplab_outline_25.pdf
;201942513_meteon_outline_93.pdf;;201942513_meteon_outline_188.pdf;;201942513_toplab_outline_25.pdf
A24.4.1: 5 etiketten;leeg.pdf;M21.3.4: 5 etiketten;leeg.pdf;K22.2.4: 5 etiketten;leeg.pdf
;stans.pdf;;stans.pdf;;stans.pdf
A25.8.1: 5 etiketten;leeg.pdf;M21.3.4: 5 etiketten;leeg.pdf;K37.0.8: 5 etiketten;leeg.pdf
;201942513_meteon_outline_94.pdf;;201942513_meteon_outline_189.pdf;;201942513_toplab_outline_26.pdf
;201942513_meteon_outline_94.pdf;;201942513_meteon_outline_189.pdf;;201942513_toplab_outline_26.pdf
;201942513_meteon_outline_94.pdf;;201942513_meteon_outline_189.pdf;;201942513_toplab_outline_26.pdf
;201942513_meteon_outline_94.pdf;;201942513_meteon_outline_189.pdf;;201942513_toplab_outline_26.pdf
;201942513_meteon_outline_94.pdf;;201942513_meteon_outline_189.pdf;;201942513_toplab_outline_26.pdf
A25.8.1: 5 etiketten;leeg.pdf;M21.3.4: 5 etiketten;leeg.pdf;K37.0.8: 5 etiketten;leeg.pdf
;stans.pdf;;stans.pdf;;stans.pdf
A26.5.4: 5 etiketten;leeg.pdf;M21.3.4: 5 etiketten;leeg.pdf;K90.0.0: 5 etiketten;leeg.pdf
;201942513_meteon_outline_95.pdf;;201942513_meteon_outline_190.pdf;;201942513_toplab_outline_27.pdf
;201942513_meteon_outline_95.pdf;;201942513_meteon_outline_190.pdf;;201942513_toplab_outline_27.pdf
;201942513_meteon_outline_95.pdf;;201942513_meteon_outline_190.pdf;;201942513_toplab_outline_27.pdf
;201942513_meteon_outline_95.pdf;;201942513_meteon_outline_190.pdf;;201942513_toplab_outline_27.pdf
;201942513_meteon_outline_95.pdf;;201942513_meteon_outline_190.pdf;;201942513_toplab_outline_27.pdf
A26.5.4: 5 etiketten;leeg.pdf;M21.3.4: 5 etiketten;leeg.pdf;K90.0.0: 5 etiketten;leeg.pdf
;stans.pdf;;stans.pdf;;stans.pdf
