Colorcode;omschrijving;mt;aantal;maat;Categorie;numpdf;beeld
STA02007S;Art.st. L.pantalon thermo RJ S;maat S;200;S;Lady ;6;201941458_1.pdf
STA02007M;Art.st. L.pantalon thermo RJ M;maat M;225;M;Lady ;6;201941458_2.pdf
STA02007L;Art.st. L.pantalon thermo RJ L;maat L;150;L;Lady ;6;201941458_3.pdf
STA02007XL;Art.st. L.pantalon thermo RJ XL;maat XL;100;XL;Lady ;6;201941458_4.pdf
STA02007XXL;Art.st. L.pantalon thermo RJ XXL;maat XXL;100;XXL;Lady ;6;201941458_5.pdf
STA07053S;Art.st. L.shirt SS thermo RJ S;maat S;100;S;Lady ;4;201941458_6.pdf
STA07053M;Art.st. L.shirt SS thermo RJ M;maat M;150;M;Lady ;4;201941458_7.pdf
STA07053L;Art.st. L.shirt SS thermo RJ L;maat L;100;L;Lady ;4;201941458_8.pdf
STA07053XL;Art.st. L.shirt SS thermo RJ XL;maat XL;50;XL;Lady ;4;201941458_9.pdf
STA07053XXL;Art.st. L.shirt SS thermo RJ XXL;maat XXL;50;XXL;Lady ;4;201941458_10.pdf
STA07055S;Art.st. L.shirt LS thermo RJ S;maat S;350;S;Lady ;5;201941458_11.pdf
STA07055M;Art.st. L.shirt LS thermo RJ M;maat M;450;M;Lady ;5;201941458_12.pdf
STA07055L;Art.st. L.shirt LS thermo RJ L;maat L;350;L;Lady ;5;201941458_13.pdf
STA07055XL;Art.st. L.shirt LS thermo RJ XL;maat XL;150;XL;Lady ;5;201941458_14.pdf
STA07055XXL;Art.st. L.shirt LS thermo RJ XXL;maat XXL;50;XXL;Lady ;5;201941458_15.pdf
STA33007S;Art.st. L.shirt SS thermo lace S;maat S;150;S;Lady ;7;201941458_16.pdf
STA33007M;Art.st. L.shirt SS thermo lace M;maat M;200;M;Lady ;7;201941458_17.pdf
STA33007L;Art.st. L.shirt SS thermo lace L;maat L;150;L;Lady ;7;201941458_18.pdf
STA33007XL;Art.st. L.shirt SS thermo lace XL;maat XL;100;XL;Lady ;7;201941458_19.pdf
STA33007XXL;Art.st. L.shirt SS thermo lace XXL;maat XXL;100;XXL;Lady ;7;201941458_20.pdf
STA33006S;Art.st. L.shirt LS thermo lace S;maat S;400;S;Lady ;8;201941458_21.pdf
STA33006M;Art.st. L.shirt LS thermo lace M;maat M;250;M;Lady ;8;201941458_22.pdf
STA33006L;Art.st. L.shirt LS thermo lace L;maat L;250;L;Lady ;8;201941458_23.pdf
STA33006XL;Art.st. L.shirt LS thermo lace XL;maat XL;150;XL;Lady ;8;201941458_24.pdf
STA33006XXL;Art.st. L.shirt LS thermo lace XXL;maat XXL;100;XXL;Lady ;8;201941458_25.pdf
STA40003S;Art.st. L.legging thermo RJ S;maat S;150;S;Lady ;9;201941458_26.pdf
STA40003M;Art.st. L.legging thermo RJ M;maat M;200;M;Lady ;9;201941458_27.pdf
STA40003L;Art.st. L.legging thermo RJ L;maat L;100;L;Lady ;9;201941458_28.pdf
STA40003XL;Art.st. L.legging thermo RJ XL;maat XL;100;XL;Lady ;9;201941458_29.pdf
STA40003XXL;Art.st. L.legging thermo RJ XXL;maat XXL;50;XXL;Lady ;9;201941458_30.pdf
STA05203S;Art.st. M.pantalon thermo RJ S;maat S;150;S;Man;3;201941458_31.pdf
STA05203M;Art.st. M.pantalon thermo RJ M;maat M;250;M;Man;3;201941458_32.pdf
STA05203L;Art.st. M.pantalon thermo RJ L;maat L;300;L;Man;3;201941458_33.pdf
STA05203XL;Art.st. M.pantalon thermo RJ XL;maat XL;250;XL;Man;3;201941458_34.pdf
STA05203XXL;Art.st. M.pantalon thermo RJ XXL;maat XXL;100;XXL;Man;3;201941458_35.pdf
STA12215S;Art.st. M.shirt SS thermo RJ S;maat S;50;S;Man;1;201941458_36.pdf
STA12215M;Art.st. M.shirt SS thermo RJ M;maat M;150;M;Man;1;201941458_37.pdf
STA12215L;Art.st. M.shirt SS thermo RJ L;maat L;150;L;Man;1;201941458_38.pdf
STA12215XL;Art.st. M.shirt SS thermo RJ XL;maat XL;100;XL;Man;1;201941458_39.pdf
STA12215XXL;Art.st. M.shirt SS thermo RJ XXL;maat XXL;100;XXL;Man;1;201941458_40.pdf
STA12216S;Art.st. M.shirt LS thermo RJ S;maat S;200;S;Man;2;201941458_41.pdf
STA12216M;Art.st. M.shirt LS thermo RJ M;maat M;450;M;Man;2;201941458_42.pdf
STA12216L;Art.st. M.shirt LS thermo RJ L;maat L;500;L;Man;2;201941458_43.pdf
STA12216XL;Art.st. M.shirt LS thermo RJ XL;maat XL;350;XL;Man;2;201941458_44.pdf
STA12216XXL;Art.st. M.shirt LS thermo RJ XXL;maat XXL;150;XXL;Man;2;201941458_45.pdf
STA4200198/104;Art.st. K.pantalon thermo RJ 98/104;maat 98/104;150;98/104;Kids;11;201941458_46.pdf
STA42001110/116;Art.st. K.pantalon thermo RJ 110/116;maat 110/116;200;110/116;Kids;11;201941458_47.pdf
STA42001122/128;Art.st. K.pantalon thermo RJ 122/128;maat 122/128;200;122/128;Kids;11;201941458_48.pdf
STA42001134/140;Art.st. K.pantalon thermo RJ 134/140;maat 134/140;250;134/140;Kids;11;201941458_49.pdf
STA42001146/152;Art.st. K.pantalon thermo RJ 146/152;maat 146/152;200;146/152;Kids;11;201941458_50.pdf
STA42001158/164;Art.st. K.pantalon thermo RJ 158/164;maat 158/164;300;158/164;Kids;11;201941458_51.pdf
STA42001170/176;Art.st. K.pantalon thermo RJ 170/176;maat 170/176;200;170/176;Kids;11;201941458_52.pdf
STA4200298/104;Art.st. K.shirt LS thermo RJ 98/104;maat 98/104;200;98/104;Kids;10;201941458_53.pdf
STA42002110/116;Art.st. K.shirt LS thermo RJ 110/116;maat 110/116;200;110/116;Kids;10;201941458_54.pdf
STA42002122/128;Art.st. K.shirt LS thermo RJ 122/128;maat 122/128;200;122/128;Kids;10;201941458_55.pdf
STA42002134/140;Art.st. K.shirt LS thermo RJ 134/140;maat 134/140;250;134/140;Kids;10;201941458_56.pdf
STA42002146/152;Art.st. K.shirt LS thermo RJ 146/152;maat 146/152;250;146/152;Kids;10;201941458_57.pdf
STA42002158/164;Art.st. K.shirt LS thermo RJ 158/164;maat 158/164;400;158/164;Kids;10;201941458_58.pdf
STA42002170/176;Art.st. K.shirt LS thermo RJ 170/176;maat 170/176;300;170/176;Kids;10;201941458_59.pdf
STA4200550/56;Art.st. Baby boxpakje RJ 50/56;maat 50/56;50;50/56;Baby;13;201941458_60.pdf
STA4200562/68;Art.st. Baby boxpakje RJ 62/68;maat 62/68;150;62/68;Baby;13;201941458_61.pdf
STA4200574/80;Art.st. Baby boxpakje RJ 74/80;maat 74/80;350;74/80;Baby;13;201941458_62.pdf
STA4200586/92;Art.st. Baby boxpakje RJ 86/92;maat 86/92;400;86/92;Baby;13;201941458_63.pdf
STA4200450/56;Art.st. Baby thermoset RJ 50/56;maat 50/56;50;50/56;Baby;12;201941458_64.pdf
STA4200462/68;Art.st. Baby thermoset RJ 62/68;maat 62/68;100;62/68;Baby;12;201941458_65.pdf
STA4200474/80;Art.st. Baby thermoset RJ 74/80;maat 74/80;350;74/80;Baby;12;201941458_66.pdf
STA4200486/92;Art.st. Baby thermoset RJ 86/92;maat 86/92;550;86/92;Baby;12;201941458_67.pdf
